3,3,4040,14338,2,3,10,3030,1010,1986,0,98077,3360,14142,1
4,2.5,3670,315374,2,4,9,3670,0,1994,0,98077,2840,87991,1
6,3.75,4210,6105,2,3,9,3280,930,2008,0,98059,3820,6368,1
5,2.75,3595,5639,2,3,9,3595,0,2014,0,98053,3625,5639,1
4,2.75,3130,21810,2,4,10,3130,0,1993,0,98077,3330,21810,1
2,1,1150,12775,1,4,6,1150,0,1908,0,98178,2440,11852,1
4,3.25,3330,17533,1,3,9,1750,1580,1969,0,98033,3340,12798,1
5,2.5,4150,96574,2,3,10,4150,0,1988,0,98053,3320,40803,1
4,2.25,2530,9200,1,5,9,1570,960,1976,0,98006,3030,9400,1
2,1,1530,6350,1.5,4,7,1530,0,1923,0,98112,2640,6350,1
4,3,2720,183823,2,3,8,2720,0,1975,2007,98053,2140,173804,1
5,3,2920,2808,2,3,8,2140,780,1960,1992,98103,1620,1544,1
4,1,1300,1651359,1,4,6,1300,0,1920,0,98022,2560,425581,2
3,1,1570,2280,2,3,7,1570,0,1922,0,98119,1580,2640,2
5,2.5,2820,14062,2,4,7,2380,440,1960,0,98034,1910,10392,2
4,2.5,2630,4000,3,3,8,2630,0,2002,0,98117,1640,4000,2
4,2,2208,5000,3,5,8,2208,0,1917,0,98116,1760,5000,2
3,1.75,2080,9162,1,3,7,1370,710,1960,0,98005,1870,8944,2
3,3.5,3830,221284,2,3,10,3530,300,1993,0,98077,2920,148539,2
4,4,3280,8448,2,3,10,3280,0,2007,0,98075,3730,8030,2
3,2.25,2910,10204,2,3,9,2910,0,1990,0,98052,2700,13992,2
4,2.5,1710,9627,1,3,9,1440,270,1976,2014,98006,2140,9131,2
4,2.5,2660,5608,2,3,9,2660,0,2003,0,98029,3010,5608,2
5,3,3070,9804,1,4,9,1740,1330,1968,0,98006,2550,9689,2
4,2.5,3520,15420,2,3,10,3520,0,1991,0,98074,3400,21455,2
2,1,1380,5000,1.5,3,5,1380,0,1905,0,98106,1500,5000,2
5,1.5,1940,4800,2,3,8,1940,0,1905,0,98103,1750,4800,2
4,2.25,2360,8616,2,4,8,2360,0,1974,0,98033,2360,9337,2
4,3.5,3100,5600,2,3,9,3100,0,2005,0,98075,3080,5600,2
3,1.75,2040,4000,2,5,7,1360,680,1924,0,98105,1610,4000,2
4,1.5,1840,10080,2,3,8,1840,0,1907,0,98118,1830,5040,2
2,1,970,4560,1,4,7,970,0,1907,0,98103,1500,4560,2
5,2.25,2900,10300,1,3,8,1450,1450,1985,0,98006,2310,10300,2
3,2.5,2400,6474,1,3,8,1560,840,1964,0,98177,2340,10856,2
4,2.5,3180,5438,2,3,9,3180,0,2003,0,98065,3030,5335,2
4,2,2360,6000,2,4,8,2360,0,1904,0,98107,1730,4700,2
5,3.5,3790,8200,1,3,8,2120,1670,2001,0,98056,1740,8676,3
4,2.5,3160,7210,1,4,7,1880,1280,1969,0,98034,2070,7560,3
1,1,1090,8750,1,4,6,1090,0,1924,0,98118,1830,5000,3
4,3,2800,7845,2,3,8,2800,0,2002,0,98038,2800,6977,3
3,1.75,1790,9813,2,3,7,1790,0,1949,0,98155,1520,10125,3
3,1,1370,6001,1,5,7,1230,140,1944,0,98108,1370,5520,3
3,3.5,1810,1846,2,4,8,1440,370,2009,0,98122,1480,3600,3
4,2.25,2180,7297,2,3,8,2180,0,1984,0,98074,2250,9781,3
3,2,2660,4500,1,4,7,1330,1330,1922,0,98199,1790,5000,3
3,1.75,1910,5753,1,3,8,1110,800,1941,0,98115,1630,5580,3
4,1.75,1760,5356,1,4,7,920,840,1950,0,98115,1680,5184,3
3,1.75,1260,3328,1,5,6,700,560,1905,0,98103,1380,3536,3
3,2,2000,7000,2,3,7,2000,0,1916,1986,98136,1840,7000,3
4,1,1660,34848,1,1,5,930,730,1933,0,98052,2160,11467,3
3,2.25,2160,15360,1,3,8,1410,750,1965,2000,98007,2180,8480,3
5,3,3100,5250,2,3,7,3100,0,2006,0,98065,2460,5250,3
5,2.75,2540,5022,1,4,8,1540,1000,1955,0,98108,2510,5182,3
3,1.5,1350,6000,1,3,7,900,450,1950,0,98136,1730,6012,3
4,1,1640,6305,1.5,5,6,1640,0,1907,0,98118,1590,4816,3
3,2.5,1860,3658,2,3,8,1860,0,1994,0,98029,1840,3739,3
3,1.75,1970,7972,1,5,8,1370,600,1976,0,98055,2460,9796,3
5,2.75,2630,10165,1,4,8,1690,940,1976,0,98027,2440,10165,3
4,1,1600,4300,1.5,4,7,1600,0,1916,0,98103,1610,4300,3
6,3.75,2940,5054,2,3,7,2940,0,1942,2003,98146,1530,5320,3
4,1,1560,4080,1.5,3,7,1560,0,1923,0,98103,1890,4080,3
3,2,1700,8400,2,3,7,1700,0,1927,0,98033,1820,9000,3
4,2.25,2390,8858,1,4,8,1740,650,1979,0,98033,2240,8858,3
6,4,4470,17877,3,3,9,3230,1240,2013,0,98188,1790,18260,3
4,2,1680,5000,1,3,7,980,700,1950,0,98115,1680,6000,3
3,2.5,2060,5750,1,3,7,1330,730,1976,0,98116,1920,5750,3
3,1,910,5212,1,3,7,910,0,1951,0,98115,1520,6300,3
3,2,2080,7020,1,4,7,1040,1040,1951,0,98115,1920,7000,3
4,2.5,1670,5116,2,3,8,1670,0,1999,0,98155,1910,7210,3
4,2.5,2230,10414,1,5,7,1450,780,1974,0,98075,1960,10240,3
4,2.5,2710,12138,1,3,8,1700,1010,1968,0,98155,2390,10052,3
3,0.75,920,20412,1,5,6,920,0,1950,0,98070,1162,54705,3
4,2.25,1870,7700,2,3,7,1870,0,1977,0,98052,1970,7700,3
5,2.5,1690,2402,1.5,3,7,990,700,1930,0,98117,1200,4005,3
3,1,1380,4000,1.5,3,7,1380,0,1910,0,98112,1690,4000,3
3,1.75,1530,8829,1,5,8,1530,0,1972,0,98006,2060,9226,3
8,5,2800,2580,2,3,8,1880,920,1997,0,98122,1800,2580,3
3,1,1040,5060,1,3,7,1040,0,1941,0,98116,890,5060,3
3,1.75,1700,8432,1,3,8,1230,470,1977,0,98125,1800,7842,3
4,2.5,1850,11250,1.5,3,7,1210,640,1981,0,98074,1650,7623,3
3,1.75,1480,6360,1,3,7,1480,0,1954,0,98133,1480,6360,3
4,2.5,4190,7504,2,3,7,4190,0,2004,0,98058,2480,6727,3
3,2.5,2010,2287,2,3,8,1390,620,2014,0,98029,1690,1662,3
3,2.25,1780,9969,1,3,8,1450,330,1985,0,98034,1950,7974,3
4,2,2340,10507,1.5,4,6,2340,0,1959,0,98030,990,10507,5
2,1,830,6000,1,3,6,830,0,1940,0,98126,830,4960,5
4,2,1720,7560,1,3,7,1720,0,1959,0,98001,1750,7988,5
3,2,1560,7352,1,3,6,1560,0,1992,0,98001,1120,7950,5
3,1,1150,8100,1,3,6,1150,0,1932,0,98168,1120,8100,5
3,1,970,8710,1,4,6,970,0,1962,0,98198,1280,11805,5
2,1,880,9000,1,3,5,880,0,1928,0,98188,1410,10000,5
3,1.75,1250,10122,1,3,7,1250,0,1994,0,98010,1980,10175,5
3,1.75,1320,10454,1,4,7,1320,0,1968,0,98002,1680,10183,5
3,2.5,1600,4271,2,3,7,1600,0,2003,0,98038,1520,3225,5
3,2.5,1650,2807,2,3,7,1650,0,2004,0,98055,1460,1875,5
3,1,1400,10403,1,4,6,1400,0,1976,0,98038,1230,10209,5
3,1.75,1760,26055,1,3,7,920,840,1979,0,98042,1350,13475,5
5,2.25,2060,8632,1,3,7,1030,1030,1962,0,98146,1010,11680,5
2,1,790,11234,1,4,6,790,0,1942,0,98166,1930,11871,5
4,2.25,2320,8760,1,4,8,1160,1160,1966,0,98032,1970,8690,5
3,1.75,1280,7524,1.5,4,7,1280,0,1988,0,98031,1500,7777,5
4,1.5,1690,11054,1,4,5,1690,0,1930,0,98055,1690,9040,5
4,2,1220,9100,1.5,4,7,1220,0,1970,0,98023,1160,7700,5
4,1,1430,8355,1.5,4,7,1430,0,1983,0,98092,1550,7938,5
4,1.5,1430,8775,1,3,7,1030,400,1979,0,98023,1390,7800,5
3,2.5,2040,3810,2,3,8,2040,0,2006,0,98038,2370,4590,5
3,1.5,2060,15837,1.5,3,6,2060,0,1903,0,98055,2190,8549,5
4,2,1910,4225,1,4,6,910,1000,1919,0,98001,1060,4800,5
4,1,1300,6030,1.5,3,6,1300,0,1947,0,98168,1240,6900,5
2,1,720,4222,1,4,5,720,0,1942,0,98056,860,4785,5
4,2.5,2240,9701,2,3,9,2240,0,1989,0,98023,2240,9410,4
3,2.25,2300,35287,2,3,8,2300,0,1977,0,98022,1760,47916,4
3,2.5,1782,1577,3,3,7,1782,0,2000,0,98125,1550,1744,4
3,1.75,2100,14850,1,4,7,2100,0,1963,0,98042,1930,17238,4
3,2.5,1530,2890,2,3,7,1530,0,2001,0,98108,1540,2890,4
3,2.5,1570,2865,2,3,7,1570,0,2003,0,98118,1610,2582,4
4,2.25,1960,12243,2,3,8,1960,0,1989,0,98042,1910,12230,4
4,1.75,1530,17664,1.5,3,7,1530,0,1968,0,98058,1530,11625,4
4,2.5,1820,7575,1,3,7,1220,600,1975,0,98058,1840,7650,4
4,1,1330,8184,1.5,3,7,1330,0,1949,0,98133,1220,660,4
3,2.25,2200,8375,2,3,8,2200,0,1988,0,98092,2200,10002,4
2,1,930,2600,1,3,7,930,0,1981,0,98034,1370,3488,4
2,1,1350,10096,1,4,7,1350,0,1952,0,98045,1280,10095,4
3,2,1380,7476,1,3,7,1380,0,1989,0,98001,1600,7227,4
3,2.5,1550,8134,2,3,7,1550,0,1991,0,98031,1550,8134,4
3,1.75,1760,7482,1,4,8,1760,0,1966,0,98023,2000,7500,4
2,1,940,6804,1,3,7,940,0,1949,0,98177,1150,6930,4
4,2.25,2240,8300,2,3,8,2240,0,1978,0,98011,2340,8500,4
3,2.5,1560,3987,2,3,7,1560,0,2002,0,98053,1600,3152,4
2,1.5,950,4625,1,4,7,950,0,1949,0,98103,1440,4625,4
4,2.75,2440,15349,2,4,7,2440,0,1957,0,98198,2280,9250,4
2,1,820,4025,1,5,6,820,0,1922,0,98126,1410,5750,4
4,2.25,2190,6800,1,5,7,1340,850,1969,0,98011,1560,7611,4
3,1.75,1530,7245,1,4,7,1530,0,1984,0,98034,1530,7490,4
2,1,990,3120,1,5,7,790,200,1907,0,98103,1930,3120,4
5,2.5,1710,7700,1.5,3,7,1710,0,1962,0,98007,1530,7700,4
3,2.25,1660,6000,1,3,7,1110,550,1979,0,98122,1440,4080,4
4,2.5,2660,5539,2,3,8,2660,0,2004,0,98059,2380,5539,4
2,1,1070,4500,1,3,7,1070,0,1937,0,98115,1320,4465,4
2,1,890,3271,1,4,6,890,0,1918,0,98116,1190,5175,4
3,1.75,1370,9680,1,4,7,1370,0,1977,0,98074,1370,10208,4
3,1.25,1510,13737,1,4,6,810,700,1961,0,98125,2560,10202,4
3,2.5,2500,21780,1,3,8,1770,730,1986,0,98092,2670,23400,4
4,1.5,2040,10726,1,3,7,1380,660,1954,0,98177,1610,10020,4
3,1,1140,10320,1,4,7,1140,0,1963,0,98034,1140,10412,4
3,1.75,1830,11788,1,3,8,1430,400,1958,0,98055,2140,11964,4
4,2,2500,36900,1,3,7,1540,960,1972,0,98038,1960,36900,4
3,2.5,1630,11592,2,3,8,1630,0,1987,0,98011,1700,8850,4
5,2.75,1540,4000,1,3,7,1140,400,1990,0,98106,1630,4000,4
3,1.5,1250,219978,1,4,6,1250,0,1980,0,98038,1930,210394,4
3,2.25,2570,8491,2,4,8,2570,0,1989,0,98042,2400,8049,4
3,1.75,1660,16275,2,3,7,1660,0,1990,0,98014,1520,16275,4
3,2.5,2470,4948,2,3,8,2470,0,2003,0,98038,2500,4993,4
3,1.75,1300,9079,1,3,7,1300,0,1986,0,98059,1890,7369,4
3,2.5,1950,8130,2,4,9,1950,0,1990,0,98042,2350,7691,4
3,1.75,2250,26337,1,3,8,2250,0,1980,0,98092,1830,26337,4
3,1,1340,5175,1,3,7,940,400,1987,0,98133,1020,5500,4
3,1,1900,14400,1,4,7,1300,600,1954,0,98166,1940,14400,4
3,1.75,1490,7150,1,5,6,1490,0,1967,0,98059,1350,9100,4
2,1,1290,3140,2,3,7,1290,0,2008,0,98053,1290,2628,4
2,1,960,8153,1,3,6,960,0,1947,0,98155,1160,8199,4
4,2.5,2250,4495,2,3,7,2250,0,2008,0,98042,2250,4500,4
3,2,1850,9550,1,3,8,1850,0,1988,0,98001,2250,9550,4
3,1.75,1560,21000,1,3,7,1560,0,1954,0,98166,1070,7920,4
3,2,1750,9750,1,3,7,1350,400,1961,0,98198,1900,10125,4
4,2,2440,9600,1,5,7,1220,1220,1963,0,98031,1370,9600,4
3,2.5,1890,4838,2,3,8,1730,160,2002,0,98168,1910,7409,4
3,1,1070,9000,1,4,7,1070,0,1950,0,98198,1840,12000,4
3,1,1480,7469,1.5,3,6,1120,360,1940,0,98168,1460,7379,4
4,2.5,2120,13780,2,3,8,2120,0,1993,0,98146,1880,12000,4
4,1,1500,6388,1.5,4,7,1500,0,1951,0,98126,980,5366,4
4,2.5,2340,8548,2,3,8,2340,0,1993,0,98031,1970,6818,4
4,1.75,1620,4980,1,4,7,860,760,1947,0,98133,1400,4980,4
4,1.75,1740,9150,1,3,7,1740,0,1974,0,98188,1540,9147,4
3,1,1130,12500,1.5,3,7,1130,0,1954,0,98118,2280,8750,4
2,2.75,1370,1140,2,3,8,1080,290,2009,0,98133,1370,1090,4
3,2.5,2740,11872,2,3,9,2740,0,1990,0,98023,2570,10377,4
2,2.75,1370,1140,2,3,8,1080,290,2009,0,98133,1370,1090,4
4,1,1530,8890,1,3,7,980,550,1925,0,98106,1100,5203,4
3,2,1270,3600,1,3,7,1270,0,1963,0,98122,1660,3600,4
2,1,1230,7560,1,3,7,1230,0,1961,0,98133,1270,7560,4
3,2.25,2090,10120,1,4,7,1290,800,1979,0,98058,1820,7983,4
3,2.5,1730,4102,3,3,8,1730,0,1996,0,98074,2340,16994,1
4,2.75,3300,12090,2,3,8,3300,0,1953,0,98004,3180,12239,1
4,2.25,2460,44431,1,4,9,2460,0,1957,0,98007,2830,44431,1
3,4.25,3840,6161,2,3,10,3840,0,2000,0,98074,3230,7709,1
4,2.5,2160,5298,2.5,4,9,2160,0,1902,0,98122,1720,2283,1
4,2.5,3720,35000,2,3,10,3720,0,1983,0,98072,3720,35000,1
4,3,3680,5854,1,3,10,2060,1620,1967,0,98199,3140,5000,1
2,2.5,1780,2067,2,5,9,1780,0,1974,0,98004,2320,2067,1
4,2.5,3300,10250,1,3,7,2390,910,1946,1991,98040,1950,6045,1
4,3.5,2800,6750,2,3,9,1890,910,1951,2002,98105,2370,6120,1
3,1.75,1400,9900,1,3,7,1400,0,1951,0,98004,1810,10796,1
4,4,3430,35102,2,4,10,2390,1040,1986,0,98075,3240,35020,1
3,2,2310,6000,2,4,9,1560,750,1926,0,98199,2000,6000,1
4,2.5,2760,6440,2,3,10,2760,0,1999,0,98075,3070,8127,2
3,2.25,2400,5300,1.5,4,7,1250,1150,1939,0,98117,1540,4800,2
3,2.25,2560,41346,2,3,10,2560,0,1986,0,98027,3040,35395,2
4,1.75,2010,5070,1,4,7,1300,710,1963,0,98116,2180,5400,2
4,2.5,2341,9594,2,3,9,2341,0,1997,0,98052,2850,9421,2
4,2.5,3450,33460,2,3,9,3450,0,1997,0,98077,2820,35250,2
4,1.75,2460,10061,1,3,7,1410,1050,1961,0,98178,2300,10061,2
4,1.75,2320,5595,1,3,7,1510,810,1956,0,98199,1840,5596,2
3,2.75,3010,206910,2,3,10,3010,0,2001,0,98045,1580,120675,2
5,1.75,2690,21357,1,4,7,1420,1270,1952,0,98004,2600,17539,2
3,2.25,2190,2416,3,3,8,2190,0,2014,0,98117,1510,3615,2
4,2,1830,4590,2,3,8,1830,0,1908,0,98105,1650,4590,2
4,3.25,3120,5000,2,3,9,2370,750,2005,0,98115,2520,6000,2
4,3,2440,3600,1.5,5,8,1480,960,1929,0,98103,1770,4000,2
3,2.25,3020,13031,2,3,9,3020,0,1989,0,98052,2480,10204,2
5,5,5774,31675,1,3,11,4490,1284,1984,0,98003,3260,13200,2
4,2.5,3350,35298,2,4,9,3350,0,1985,0,98053,2620,35604,2
3,3,1970,20978,2,4,9,1770,200,1980,0,98070,2280,75396,2
4,2.5,2460,4425,2,3,8,2460,0,2006,0,98052,2990,5659,2
3,2.5,2440,5750,2,3,9,1980,460,2000,0,98116,1520,5750,2
6,2.25,2450,25600,1,3,7,1340,1110,1957,0,98008,1850,10230,2
3,2.25,2150,21235,1,4,8,1590,560,1959,0,98166,2570,18900,2
4,2.5,2270,8391,2,3,8,2270,0,1988,0,98029,2420,8391,2
4,3.75,4610,40202,1,4,10,2500,2110,1980,0,98027,3050,41056,2
3,1,950,4250,1.5,5,6,950,0,1948,0,98122,2130,5120,3
3,1.5,1200,890,2,3,8,1030,170,2008,0,98109,1230,2120,3
3,1.75,1620,7330,1,4,7,1090,530,1974,0,98034,1380,7191,3
6,2.25,2660,13579,2,3,7,2660,0,1937,1990,98125,1120,8242,3
4,3,2580,7299,2,3,8,2580,0,1998,0,98058,2250,6165,3
5,2.5,2990,15085,2,3,9,2990,0,2007,0,98011,3150,13076,3
3,2.5,2250,10171,2,3,9,2250,0,1987,0,98006,2440,13390,3
3,2.5,2010,3667,2,3,9,2010,0,2008,0,98027,2350,3600,3
2,2,1510,4000,1,4,7,1010,500,1900,0,98103,1920,4000,3
4,1.75,2430,7559,1,4,8,1580,850,1981,0,98052,1980,8750,3
4,1.5,2810,7140,1,3,8,1490,1320,1954,0,98136,2240,6825,3
3,2,1380,5000,1.5,4,7,1380,0,1917,0,98117,1350,5000,3
4,2.5,2580,5823,2,3,8,2580,0,2002,0,98065,2380,5823,3
5,2.5,2960,9877,1,4,7,1480,1480,1960,0,98005,1900,9877,3
4,2.25,2510,9800,2,3,9,2510,0,1978,0,98072,2440,11000,3
3,2,1360,3090,2,3,8,1360,0,1990,0,98103,1500,3090,3
4,2.25,2330,19436,2,3,8,2330,0,1987,0,98011,1910,10055,3
3,2.25,1170,1249,3,3,8,1170,0,2014,0,98107,1350,1310,3
2,2,1270,3881,1,4,6,610,660,1926,0,98105,1370,5000,3
4,2.5,2470,5044,2,3,9,2470,0,2005,0,98155,2790,5583,3
3,2.5,2260,3640,2,3,8,2260,0,1994,0,98072,2350,3710,3
4,2,1690,3250,1.5,3,7,1550,140,1901,0,98103,1620,3250,3
4,2,2180,10575,1,2,6,1730,450,1950,0,98005,2180,12010,3
4,2.5,2120,57050,2,3,9,2120,0,1989,0,98072,3320,39082,3
3,2.5,2720,6439,2,3,9,2720,0,2005,0,98065,3180,7320,3
4,2.75,3030,21780,2,3,8,3030,0,1986,0,98166,3020,28027,3
3,2.25,2240,9314,2,3,9,2240,0,1984,0,98074,2240,9314,3
4,3,2440,9600,2,5,7,2440,0,1961,0,98034,2290,9600,3
3,1.75,2120,10875,1,3,8,1540,580,1977,0,98146,2460,11760,3
2,1,960,4080,1,5,7,960,0,1911,0,98103,1300,4080,3
5,2.5,3840,16905,2,3,11,3840,0,1991,0,98023,3270,12133,3
3,2,1810,12825,1,4,7,1810,0,1960,0,98007,1490,10800,3
2,2,2930,14057,1,4,8,1680,1250,1980,0,98070,2234,61011,3
3,2.5,1360,1016,3,3,7,1310,50,2003,0,98115,1365,1156,3
3,2.25,2010,11817,2,4,8,2010,0,1986,0,98029,2190,10168,3
3,2.25,2030,16200,2,3,8,2030,0,1984,0,98027,2660,17958,3
3,2.5,2360,11254,1,3,9,2360,0,1990,0,98003,2390,11254,3
3,2,1260,5460,1,3,7,1260,0,1972,0,98034,1510,5460,3
3,2,1720,5525,1,5,7,960,760,1941,0,98108,1760,5525,3
2,2.5,1230,1391,2,3,8,870,360,2004,0,98112,1240,1350,3
6,4.5,2940,7500,1.5,4,8,2940,0,1966,0,98034,2010,7500,3
2,1,1490,3825,1,3,7,860,630,1929,0,98117,1460,3825,3
3,2.5,2620,4874,2,3,7,2620,0,1999,0,98065,2360,4231,3
3,2.5,2150,4084,2,3,8,2150,0,2007,0,98126,1750,2385,3
4,2,2090,40419,1,4,7,2090,0,1984,0,98027,2380,63162,3
2,1.75,1000,1760,1,4,6,600,400,1924,0,98109,2120,2802,3
4,1,2000,4676,1.5,3,7,1250,750,1916,1986,98118,1140,4676,3
4,2.5,2340,3784,2,3,8,2340,0,2008,0,98106,1730,4000,3
4,2,1710,8288,1.5,3,7,1710,0,1970,0,98031,1710,7200,5
4,2.5,2100,19680,1.5,3,6,2100,0,1914,0,98055,1340,12300,5
3,1.75,1320,17390,1,4,7,1320,0,1956,0,98003,1550,19265,5
3,1.5,1180,7000,1,4,7,1180,0,1977,0,98023,1180,7370,5
3,1,1480,5670,1,3,6,780,700,1944,0,98106,760,5040,5
3,1,1090,10620,1.5,3,7,1090,0,1959,0,98032,1380,10620,5
3,2.5,1850,4597,2,3,8,1850,0,2003,0,98042,2210,5000,5
1,0.75,940,87120,1,3,6,940,0,1944,0,98019,1930,165528,5
1,0.75,380,15000,1,3,5,380,0,1963,0,98168,1170,15000,5
4,1,1000,7134,1,3,6,1000,0,1943,0,98178,1020,7138,5
3,1.5,1940,9887,1,4,7,1140,800,1969,0,98003,1410,9936,5
4,2,1440,7950,1,5,6,1440,0,1962,0,98058,1530,20037,5
3,2.25,1715,6819,2,3,7,1715,0,1995,0,98003,2238,6819,5
4,1.5,1550,19800,1,4,7,1050,500,1969,0,98001,1640,22654,5
3,2,1360,6082,1,3,7,1360,0,1994,0,98042,1360,6987,5
4,2.5,1980,7403,2,3,7,1980,0,1988,0,98023,1980,7510,5
3,1,1300,5898,1,3,7,1300,0,1961,0,98178,1320,7619,5
3,1,1060,10228,1,3,7,1060,0,1948,0,98155,1570,10228,5
4,2,2220,14120,1,3,7,1200,1020,1966,0,98042,1300,9709,5
2,1,1320,8865,1,4,6,1320,0,1943,0,98168,1190,6490,5
3,1.75,1260,6223,1,3,7,820,440,1983,0,98042,1260,6553,5
4,2,1920,4822,1,2,6,920,1000,1914,0,98136,1120,4822,5
2,1,840,12252,1,3,6,840,0,1994,0,98010,1010,11876,5
3,1.5,1220,6000,1,3,7,1220,0,1968,0,98055,1660,6000,5
3,1,770,9750,1,3,6,770,0,1941,0,98188,1560,10707,5
2,1.75,1030,1066,2,3,7,765,265,2006,0,98136,1030,1106,4
3,1,980,7000,1,3,6,980,0,1953,0,98133,1220,7000,4
3,2.25,1770,8755,1,3,8,1330,440,1981,0,98058,1910,8710,4
3,2.5,1920,5322,2,3,8,1920,0,1999,0,98031,1920,5000,4
3,1,1560,7552,1,4,6,910,650,1948,0,98155,1200,8152,4
2,1,970,5665,1,4,6,970,0,1908,0,98118,1490,4429,4
4,1.75,1275,20000,1,4,6,1275,0,1991,0,98070,1660,20000,4
3,2.5,2200,7201,2,3,8,2200,0,1994,0,98030,2250,7240,4
3,2.25,1560,35026,1,3,7,1290,270,1985,0,98092,1660,35160,4
2,2,1610,17600,2,3,6,1610,0,1930,1983,98178,1310,12950,4
3,1,1810,7200,1,4,7,1130,680,1954,0,98133,1810,8100,4
3,1,1250,8200,1,4,7,1250,0,1954,0,98003,1680,8633,4
3,2,1570,5250,1,3,7,1570,0,1998,0,98092,1570,5250,4
3,2.5,2070,9900,1,3,8,1420,650,1979,0,98023,2070,8250,4
3,2,1210,7136,1,3,7,1210,0,2003,0,98031,1210,5765,4
3,1.5,1470,11599,1,3,7,1070,400,1967,0,98030,1580,9760,4
2,2,1070,649,2,3,9,720,350,2008,0,98106,1070,928,4
3,2.5,1600,6510,1,3,7,940,660,1983,0,98155,1600,10507,4
4,1.5,1510,6460,1,3,7,1070,440,1970,0,98034,1450,6630,4
3,1.75,1810,7300,1,4,7,1240,570,1976,0,98034,1460,7560,4
2,1,970,2970,1,3,7,970,0,1910,0,98102,1670,3000,4
2,2.75,1760,4139,2,3,8,1760,0,2010,0,98065,1870,3076,4
4,3.5,2380,5809,2,4,7,1750,630,1995,0,98106,1620,5775,4
3,2.5,2420,9592,2,3,8,1780,640,1993,0,98059,2420,9145,4
3,2.5,1520,1304,2,3,8,1180,340,2006,0,98136,1270,1718,4
3,2.5,2210,9226,2,3,8,2210,0,1998,0,98045,2430,8902,4
2,2,1350,4225,1,3,8,1350,0,2003,0,98053,1660,4225,4
4,2,1970,6480,1.5,5,7,1130,840,1920,0,98108,1500,6480,4
3,2,2220,94300,1,5,7,1640,580,1976,0,98010,2070,80100,4
2,1,800,4342,1,3,6,670,130,1927,0,98115,1210,4343,4
3,2.75,2090,8354,2,3,8,2090,0,2012,0,98019,2280,6348,4
5,2,2620,7030,1,3,8,1420,1200,1965,0,98133,1360,7964,4
3,1,1200,10800,1,4,7,1200,0,1955,0,98006,1370,9950,4
3,1,1220,4800,1,3,6,1220,0,1901,0,98122,1200,4800,4
3,2.25,2070,14196,2,3,7,2070,0,1989,0,98059,1550,13860,4
4,2.75,2730,4683,2,3,7,2730,0,2005,0,98038,2230,4924,4
1,0.75,760,10079,1,5,5,760,0,1936,0,98070,1230,14267,4
2,2,920,1201,2,3,8,800,120,2009,0,98144,1150,1161,4
3,2.5,1450,3850,2,3,7,1450,0,2004,0,98065,1970,3748,4
4,2.5,2470,5015,2,3,8,2470,0,2004,0,98038,2470,5100,4
3,1.75,1790,50529,1,5,7,1090,700,1965,0,98042,1940,50529,4
3,1,1120,7250,1,4,7,1120,0,1972,0,98034,1340,7302,4
4,2.5,1830,8601,2,3,7,1830,0,2003,0,98038,1830,5184,4
4,2.5,2050,10271,2,3,7,2050,0,1998,0,98042,2050,8103,4
2,1,720,6687,1,3,6,720,0,1942,0,98117,840,6687,4
4,2.5,2963,5797,2,3,9,2963,0,2006,0,98030,2665,6119,4
3,2.5,2680,7757,2,3,8,2680,0,1990,0,98023,2430,8231,4
6,2.75,2940,7350,1,3,8,1780,1160,1978,0,98023,2120,8236,4
4,2.5,2030,4997,2,3,8,2030,0,2004,0,98031,2095,5500,4
3,1,1250,23680,1,5,7,1250,0,1967,0,98059,1450,23680,4
3,1.5,1500,14750,1.5,4,6,1500,0,1933,0,98168,1270,15100,4
4,2.5,2160,7725,1,4,8,1460,700,1978,0,98023,2060,8250,4
3,2.5,1670,6186,2,3,7,1670,0,2002,0,98038,2390,6924,4
4,1.5,2000,6778,1,4,7,1170,830,1962,0,98198,1940,7531,4
2,1,910,4662,1,5,6,910,0,1942,0,98106,890,6050,4
3,1.75,1490,8000,1,3,8,1490,0,1978,0,98030,1740,8165,4
3,2.25,1520,7930,1,3,7,1160,360,1988,0,98038,1530,7930,4
3,1.75,1420,8250,1,3,7,1420,0,1954,0,98133,1740,8000,4
3,2.5,1920,7415,2,3,7,1920,0,1989,0,98031,1930,7536,4
2,1.75,1710,4234,2,3,7,1330,380,1920,1979,98136,1530,4556,4
4,2,2420,31465,1,3,9,2420,0,1984,0,98092,2560,32186,4
3,2.5,2350,5100,2,3,8,2350,0,2003,0,98038,2350,5363,4
4,1.75,2500,7690,1,3,7,1250,1250,1973,0,98155,2040,8646,4
5,2,1680,3240,1,3,5,840,840,1906,0,98144,1380,1260,4
3,2.5,2050,7205,2,3,8,2050,0,2000,0,98003,2050,7264,4
3,2.75,1250,1655,2,3,7,830,420,2006,0,98136,1520,3001,4
2,1,990,8250,1,3,7,990,0,1955,0,98133,1080,8168,4
3,2.25,2200,8000,2,3,8,2200,0,1981,0,98055,2170,8000,4
3,1.75,1860,7881,1,3,7,1160,700,1986,0,98198,1490,7527,4
5,2,1880,4179,1,3,7,940,940,1952,2000,98118,1350,5150,4
5,3,2080,6150,1,3,7,1040,1040,1950,0,98116,1420,6150,4
4,2.5,2380,7850,2,3,8,2380,0,1995,0,98055,1940,7334,4
4,3.25,4740,76230,2,3,10,4740,0,1987,0,98075,3340,49206,1
4,2.5,2200,4000,2,5,8,1430,770,1908,0,98119,2100,4000,1
3,2.5,3400,16603,2,3,10,3400,0,2000,0,98075,3400,12601,1
3,3.5,3250,6000,2,3,10,2500,750,2001,0,98136,1650,6000,1
3,3,2990,9773,2,4,8,2990,0,1973,0,98005,2230,11553,1
5,3,3040,9601,1,5,9,1970,1070,1968,0,98040,3180,12390,1
4,2.25,4230,37769,2,3,11,4230,0,1989,0,98077,3890,37034,1
5,3.75,4210,14599,2,3,10,4210,0,2004,0,98065,3950,13591,1
4,2.5,3350,29242,2,3,11,3350,0,1988,0,98052,3920,24728,1
4,2.5,2830,5000,2,3,9,2830,0,1995,0,98105,1950,5000,1
3,2.5,2070,13241,1.5,5,9,1270,800,1910,0,98102,2200,4500,1
3,1.75,1490,3840,2,3,8,1490,0,1984,2014,98033,3450,8500,1
5,2.75,3150,7119,2,3,9,3150,0,2013,0,98052,1560,8384,1
4,2.5,2920,9904,2,4,9,2920,0,1990,0,98029,1810,5617,2
4,3,2690,28300,1,3,8,2690,0,1954,1999,98166,2820,27100,2
4,3.25,3030,9273,2,5,8,3030,0,1988,0,98029,2360,7632,2
5,2.75,2550,5040,1.5,5,8,2550,0,1902,0,98122,1590,3840,2
3,2.5,2160,4000,1.5,3,8,1960,200,1903,2013,98122,2160,5120,2
5,3.5,3550,9600,2,3,9,2550,1000,1998,0,98118,2030,9600,2
4,2,1510,3500,1.5,5,7,1510,0,1911,0,98103,1820,3750,2
4,2.25,2260,16188,1,3,10,2260,0,1984,0,98006,2840,10158,2
6,1.75,2750,9563,2,4,8,2750,0,1973,0,98052,2040,9563,2
2,2.25,2130,4920,1.5,4,7,1530,600,1941,0,98116,2130,4920,2
4,2.75,3370,7634,1,5,8,2110,1260,1977,0,98056,2460,7634,2
5,2.5,2830,25958,1,5,8,1610,1220,1979,0,98075,2670,21567,2
4,2.25,2510,11585,2,4,8,2510,0,1969,0,98040,2450,9691,2
3,1,1660,4400,1.5,3,8,1460,200,1911,0,98112,1660,4400,2
4,2.5,2430,6099,1,5,8,1470,960,1965,0,98115,2180,6099,2
3,2,2100,72745,1,4,9,2100,0,1995,0,98077,2290,54885,2
5,2.5,4870,11800,2,3,10,3470,1400,1983,0,98074,3180,11398,2
4,2,1740,9000,1,5,8,1740,0,1958,0,98033,1850,7700,2
3,2.5,2300,3060,1.5,3,8,1510,790,1930,2002,98115,1590,3264,2
5,2.25,2120,4000,1.5,4,7,1720,400,1910,0,98109,1960,4000,2
4,2,1530,4080,1.5,4,7,1530,0,1912,0,98105,1860,4080,2
3,2,1940,6440,1,5,7,970,970,1940,0,98116,1730,4640,2
3,1.75,2070,5500,1,4,7,1130,940,1946,0,98115,1800,4400,2
5,2,2270,2400,2,3,7,2270,0,1905,0,98122,1320,2400,2
5,2.5,2970,24759,1,4,8,1670,1300,1969,0,98031,2100,21803,3
4,1.75,1810,21650,2,4,7,1810,0,1961,0,98077,2700,29680,3
4,1.75,1720,3050,1.5,5,7,1040,680,1929,0,98116,1570,6100,3
4,2.25,2590,10002,1,4,8,1340,1250,1968,0,98028,1550,10436,3
3,1,1160,36831,1,3,7,1160,0,1938,0,98028,1800,15640,3
4,2.5,2570,5520,2,3,9,2570,0,2000,0,98074,2470,5669,3
2,1,1540,6872,1,4,7,820,720,1946,0,98119,1420,5538,3
2,1.75,1760,5000,1,4,7,940,820,1927,0,98117,1530,5000,3
3,2,2150,5400,1.5,4,7,1380,770,1911,0,98126,1940,6500,3
6,3.75,2740,6924,1,3,7,1640,1100,1962,0,98144,1940,6000,3
2,1.75,1620,4879,1,3,7,1040,580,1924,2011,98116,1500,5000,3
3,2.5,2500,7394,2,3,9,2500,0,1990,0,98072,2790,7642,3
2,1,850,2340,1,3,7,850,0,1922,0,98105,1300,3000,3
4,2.5,2850,6809,2,3,9,2850,0,2003,0,98019,2820,7500,3
2,1,1380,5484,1,3,8,1030,350,1947,0,98199,1380,5347,3
3,1,1670,4080,1,3,7,1170,500,1967,0,98115,1560,4080,3
3,1,1210,3328,1.5,4,7,1210,0,1924,0,98107,1640,3333,3
3,1.75,2300,35722,1,3,9,2300,0,1984,0,98072,2600,34798,3
3,1.5,1610,9964,1,3,7,1080,530,1977,0,98052,1610,9964,3
3,2.5,1860,8060,2,4,8,1860,0,1987,0,98029,1850,4661,3
3,3.5,1820,1991,2,3,8,1430,390,2014,0,98144,1550,1460,3
3,2,1450,2400,1.5,3,8,1450,0,1900,2003,98107,1450,4275,3
2,1,1030,3060,1,4,7,790,240,1918,0,98103,1390,3060,3
4,1,1420,6000,1.5,3,7,1420,0,1950,0,98115,1420,6180,3
4,2.5,1840,220308,2,3,8,1840,0,2000,0,98038,1890,65340,3
4,2.5,3190,7399,2,3,10,3190,0,2006,0,98038,3250,7323,3
3,1.75,1620,1325,2.5,3,9,1430,190,2005,0,98102,1750,1572,3
3,2.5,2400,99752,1,3,9,2400,0,1996,0,98058,2800,98010,3
3,2.5,1740,1280,3,3,8,1740,0,2008,0,98116,1740,1308,3
3,2.5,1560,5259,2,3,8,1560,0,1999,0,98075,2170,5461,3
3,2.5,1660,1458,3,3,9,1660,0,2014,0,98144,1660,1784,3
4,2.5,1940,10500,1,4,7,1140,800,1976,0,98052,2200,10500,3
3,1.75,2000,5000,1,4,7,1110,890,1921,0,98117,1750,5000,3
4,2.5,1900,5790,2,3,8,1900,0,1994,0,98029,2030,5790,3
3,2.5,3660,39478,2,4,9,3260,400,1989,0,98022,2700,38312,3
4,1.75,2020,36400,1,4,8,1550,470,1976,0,98077,2520,38255,3
3,2.5,2430,4203,2,3,8,2430,0,2001,0,98065,2500,4798,3
4,2.5,2730,7649,2,3,7,2730,0,2006,0,98065,2730,6216,3
3,2.75,3410,9360,1.5,4,8,3410,0,1967,0,98058,2260,10128,3
2,1,880,2970,1,3,7,880,0,1927,0,98103,1370,3060,3
6,2.5,3300,13501,1,3,8,2060,1240,1980,0,98059,2060,8745,3
3,2.25,1260,3000,2,3,7,1260,0,2003,0,98029,1630,3023,3
3,2.25,1780,8784,1,3,7,1230,550,1977,0,98033,1780,7704,3
2,1.5,1140,1058,3,3,7,1140,0,2005,0,98103,1170,1116,3
4,3,2230,108900,1,3,7,1410,820,1978,0,98065,1960,65340,3
3,1.5,1380,6657,2,3,7,1380,0,1986,0,98034,1420,8187,3
4,1.75,2390,23899,1,3,7,1750,640,1949,0,98028,1840,33900,3
3,2.5,2470,4565,2,3,7,2470,0,2005,0,98056,2470,5064,3
2,1,1000,10200,1,3,6,1000,0,1961,0,98024,1150,13702,5
3,1,990,7420,1,5,6,990,0,1960,0,98002,1010,7420,5
3,1,1100,8560,1,3,6,1100,0,1961,0,98023,1120,8470,5
2,1,1200,9850,1,4,7,1200,0,1921,0,98002,1060,5095,5
2,1,1740,8100,1,3,6,1050,690,1947,0,98168,960,8100,5
3,1,1250,7210,1,4,7,1250,0,1968,0,98031,1010,7210,5
4,2,2430,8960,1,3,7,1430,1000,1960,0,98178,2430,8960,5
2,1,1030,8786,1,3,6,1030,0,1956,0,98146,1480,8121,5
3,1.5,1360,8910,2,5,7,1360,0,1949,0,98188,1220,8912,5
3,1.75,1760,6500,1,3,7,1150,610,1987,0,98038,1760,8125,5
3,1.75,1490,8366,1,4,7,1010,480,1975,0,98042,1490,7469,5
3,1.5,1670,8230,1,5,7,1670,0,1954,0,98001,2077,4910,5
5,2,2260,12500,1,4,8,1130,1130,1960,0,98032,1360,18000,5
2,1.5,1070,9643,1,3,7,1070,0,1985,0,98030,1220,8386,5
3,1.75,1380,14000,1,4,5,1380,0,1939,1957,98001,1490,18503,5
4,1.5,1280,8000,1,3,6,1280,0,1960,0,98178,1420,8211,5
3,1.75,1050,7854,1,4,7,1050,0,1975,0,98023,1360,7668,5
3,1.75,1300,11230,1,5,7,1300,0,1968,0,98042,1300,10794,5
4,2.25,1800,9350,1,3,8,1800,0,1969,0,98092,2060,8800,5
2,1.75,1220,15600,1,3,6,1220,0,1972,0,98001,1510,17818,5
3,1,1340,306848,1,3,5,1340,0,1953,0,98019,1800,128066,5
5,1.75,1660,78408,1.5,3,6,1660,0,1915,0,98065,1660,78408,5
2,1.75,1340,7380,1,3,6,1340,0,1940,0,98055,1980,9600,5
3,1,1010,8581,1,4,6,1010,0,1920,0,98002,1060,10354,5
2,1.5,1050,3419,2,3,7,1050,0,1996,0,98038,1050,3417,5
2,1,770,17334,1,3,7,770,0,1978,0,98001,1480,17334,5
3,3,2420,13959,1,4,8,1740,680,1988,0,98028,2570,13300,4
3,1.75,1470,7650,1,3,7,1130,340,1983,0,98059,1590,7500,4
2,0.75,1020,1076,2,3,7,1020,0,2008,0,98144,1020,1357,4
3,2.5,2280,7417,2,3,8,2280,0,1998,0,98001,2370,6443,4
2,1,630,6550,1,3,5,630,0,1918,0,98126,1420,6550,4
4,3,2010,7426,1,5,7,1090,920,1951,0,98178,1470,7426,4
3,2.5,1981,5700,2,3,8,1981,0,2010,0,98030,1981,5894,4
5,1,1940,8875,1,3,7,1940,0,1957,0,98188,1380,8875,4
3,1.5,1060,9711,1,3,7,1060,0,1963,0,98198,1650,9711,4
3,1,1250,18616,1,4,6,1250,0,1972,0,98010,1920,15654,4
4,2.25,2100,8050,2,3,8,2100,0,1978,0,98055,2190,7700,4
1,1,640,6350,1,3,5,640,0,1939,0,98117,1270,6350,4
3,1,910,8450,1,4,6,910,0,1962,0,98059,1400,8040,4
3,1.75,1140,22267,1,3,7,1140,0,1986,0,98045,1150,15625,4
2,1,760,4000,1,4,6,760,0,1950,0,98108,1640,4500,4
2,1,1550,15250,1.5,5,7,1550,0,1920,0,98038,1520,34929,4
5,1.75,3690,36036,1,3,9,1890,1800,1985,0,98042,2680,44131,4
3,1.5,1300,3348,1.5,3,7,1300,0,1904,2014,98144,1590,2577,4
2,2.5,2420,60984,2,3,7,2420,0,2007,0,98027,1940,193842,4
3,2.25,1820,8814,1,3,7,1280,540,1967,0,98125,1810,7515,4
4,1,1750,9600,1.5,4,7,1750,0,1954,0,98006,1750,10530,4
1,2,3000,204732,2.5,3,8,3000,0,1979,0,98014,2330,213008,4
3,1,1190,5100,1,4,7,1030,160,1941,0,98136,1690,5100,4
3,1.75,1520,6380,1,3,7,790,730,1948,0,98115,1520,6235,4
3,2,2660,16677,1,3,9,2210,450,1990,0,98038,2660,11355,4
2,1,1080,3600,1,3,7,1080,0,1922,0,98122,2230,4500,4
3,1,1550,4160,1.5,4,6,1550,0,1926,0,98118,1590,5000,4
2,1.75,1350,4003,1,3,8,1350,0,2004,0,98053,1350,4479,4
4,2.5,3362,8601,2,3,8,3362,0,2004,0,98003,2770,8601,4
4,2.25,2340,217014,1,4,8,2340,0,1982,0,98092,2340,107898,4
3,1,1020,18050,1,3,7,1020,0,1969,0,98027,1750,11640,4
3,2.25,1250,7500,1,5,7,1250,0,1942,0,98146,1280,7392,4
3,1.75,1520,7350,1,4,7,1140,380,1972,0,98034,1380,7350,4
2,1,1210,4800,1,3,8,1060,150,1950,0,98108,1380,4800,4
2,1,1230,1820,2,4,7,830,400,1948,0,98107,1660,3056,4
4,2.5,2100,19680,1.5,3,6,2100,0,1914,0,98055,1340,12300,4
4,2.5,1930,6957,2,3,8,1930,0,1995,0,98055,2090,6996,4
4,2.25,2470,7698,2,3,8,2470,0,1983,0,98058,2330,7986,4
2,1,940,5000,1,4,7,940,0,1937,0,98117,1560,4500,4
3,1,1400,3538,1,3,7,800,600,1953,0,98118,1620,6331,4
2,1.5,830,920,2,3,7,830,0,2005,0,98144,830,1200,4
3,2,1340,10200,1.5,3,7,1340,0,1953,0,98133,1420,10200,4
3,1.5,1500,6332,1,3,7,1500,0,1953,0,98125,1500,6337,4
3,1,1150,6908,1,3,6,800,350,1952,0,98155,1150,6908,4
3,1,1490,57381,1.5,4,5,1490,0,1932,0,98092,1580,101529,4
4,1.75,1760,11180,1,4,8,1760,0,1968,0,98059,1730,11180,4
3,1.75,1460,6360,1,3,7,1010,450,1979,0,98106,1400,4240,4
3,1.75,1810,41800,1,5,7,1210,600,1980,0,98038,1650,135036,4
4,2.25,1950,7700,1,3,8,1350,600,1979,0,98058,2150,7350,4
3,2.5,1320,2614,2,3,7,1320,0,2005,0,98118,1320,2533,4
4,2.5,1780,3600,2,3,7,1780,0,2006,0,98038,2020,3802,4
3,2.25,1500,7308,1,4,7,1210,290,1968,0,98055,1480,7400,4
3,2,2110,6900,1.5,5,6,1220,890,1955,0,98178,1350,7683,4
2,1,1010,3000,1,4,7,1010,0,1925,0,98045,1150,7000,4
1,0.75,1170,14149,1,5,7,880,290,1962,0,98022,1130,24513,4
3,1.75,1800,7763,1,3,6,1470,330,1984,0,98030,1440,7483,4
3,2.5,1805,3402,2,3,7,1805,0,2009,0,98002,2095,3402,4
3,2,1810,7209,1,4,7,1240,570,1978,0,98032,1750,7209,4
3,2.5,3170,12750,2,3,10,2360,810,1995,0,98023,2970,13125,4
3,1,1250,7157,1,3,7,1250,0,1944,2010,98125,1300,6796,4
5,2.5,2520,27951,1.5,3,7,1890,630,1942,1970,98155,1830,14373,4
3,1,1280,9630,1,3,7,1280,0,1968,0,98072,1300,9453,4
5,3,3450,9914,2,3,9,3450,0,2004,0,98023,2860,9721,4
3,2.25,2120,18500,2,4,8,2120,0,1983,0,98031,2120,14479,4
3,2,1680,5036,1,4,7,1680,0,1987,0,98055,1680,4921,4
4,2.25,1990,21312,1,4,8,1990,0,1968,0,98058,2400,19210,4
3,2,1970,79714,1,3,7,1070,900,1979,0,98058,1890,36626,4
4,2.25,1760,9602,2,3,7,1760,0,1987,0,98058,1860,9656,4
3,1,1240,10800,1,5,7,1240,0,1959,0,98056,1810,10800,4
2,1,1350,4494,1,3,7,920,430,1949,0,98126,1470,5225,4
3,1.75,1740,46580,1,4,7,1740,0,1980,0,98010,1576,54685,4
5,4.5,4300,12250,2,3,10,4300,0,2004,0,98029,3950,12250,1
5,3.25,2980,7095,2.5,3,9,2980,0,1998,2007,98115,1670,7140,1
4,2.5,3330,9557,2,3,10,3330,0,1995,0,98006,3360,9755,1
4,2.5,3030,3841,3,3,9,3030,0,2005,0,98117,1080,4922,1
5,2.75,3430,15119,2,3,10,3430,0,1998,0,98075,3430,12045,1
4,3,2170,4000,2,4,9,1610,560,1982,2011,98112,1670,4000,1
4,2.5,2780,10480,1,3,7,1390,1390,1967,0,98033,2860,10506,1
5,3.5,3750,9612,1,4,9,2030,1720,1981,0,98006,3270,9688,1
5,2.5,2750,5589,1.5,5,9,1840,910,1910,0,98112,1460,4250,1
4,1,2550,4000,2,3,8,2370,180,1905,0,98109,2200,4000,1
4,2.25,2400,13430,1,4,9,2400,0,1964,0,98005,2580,10077,1
4,2.5,2380,12573,1,4,9,2380,0,1963,0,98005,2900,10700,1
4,2.25,2490,9864,1,4,8,1290,1200,1961,0,98004,2360,9864,1
4,2.5,2900,23488,2,3,9,2900,0,1992,0,98053,2900,34589,2
4,3.5,2140,2278,3,3,9,2140,0,2005,0,98107,1540,2285,2
4,2.25,2010,9603,1,3,8,1440,570,1986,0,98027,2060,9793,2
3,3.25,1510,2000,2,3,9,1330,180,2001,0,98116,1510,1352,2
2,1,1420,5332,1,3,8,1070,350,1953,0,98105,2400,5406,2
3,1.75,1870,9897,1,4,8,1870,0,1960,0,98040,1900,10005,2
5,2.5,3040,9570,1,4,8,1640,1400,1966,0,98006,2920,8800,2
5,2.5,3480,74052,1,4,8,1980,1500,1972,0,98027,2610,65775,2
3,1.75,2360,8290,1,4,7,1180,1180,1950,0,98115,1880,7670,2
4,2.5,2820,6180,2,3,9,2050,770,2013,0,98118,1390,4635,2
4,4,3200,7708,2,3,10,3200,0,2004,0,98075,3480,7944,2
4,2.25,2550,12918,2,3,9,2550,0,1987,0,98006,2550,11036,2
3,1,1700,4400,1.5,4,8,1700,0,1906,0,98122,1610,4180,2
3,2.5,2930,33981,2,3,9,2930,0,2000,0,98059,3720,35230,2
3,3.25,3190,5283,2,3,9,3190,0,2007,0,98029,2950,5198,2
4,2.25,2350,18600,2,4,9,2350,0,1977,0,98028,2880,14400,2
4,2.5,2990,29170,2,3,9,2990,0,1999,0,98059,3715,29170,2
4,2.25,2460,40635,1,5,8,2460,0,1968,0,98053,2250,40635,2
2,2.5,2380,6600,1,3,8,2380,0,2010,0,98053,1870,6600,2
4,2.5,2770,10051,2,3,10,2770,0,1987,0,98074,2730,10675,2
2,1,1110,3200,1,3,7,1110,0,1925,0,98119,1170,3600,2
3,2.5,2680,9750,1,4,8,1610,1070,1979,0,98034,2480,8750,2
4,2.5,2620,5450,2,3,9,2620,0,2001,0,98074,2590,5371,2
3,1.75,2940,6000,1,4,8,1590,1350,1957,0,98177,2880,8100,2
3,2.25,2220,9800,2,3,8,2220,0,1987,0,98155,2420,10232,3
3,2,1840,40438,2,3,7,1840,0,1994,0,98045,1380,44049,3
3,3,1520,7500,1,3,7,1180,340,1967,0,98034,2080,8000,3
4,2.5,2260,6300,2,3,7,2260,0,2001,0,98019,2300,6300,3
4,1.75,1640,1480,1,4,7,820,820,1912,0,98105,1420,2342,3
3,1.75,4000,11894,1,3,9,2190,1810,1987,0,98011,2530,8650,3
3,1.75,3020,360241,2,3,8,3020,0,1992,0,98092,1890,209959,3
5,1.75,1910,5428,1,3,8,1390,520,1954,0,98136,1820,5900,3
4,2.75,2020,2750,1,3,8,1010,1010,1917,2014,98122,1840,4000,3
3,1,1910,8167,1,4,8,1270,640,1951,0,98117,1500,6816,3
3,2.5,2000,7251,2,3,9,2000,0,1995,0,98034,2450,8118,3
3,2.75,2390,9966,1,5,8,1360,1030,1977,0,98006,2140,10713,3
5,2.5,2090,8712,1,3,8,1420,670,1966,0,98008,2490,8712,3
3,1.75,1650,3200,1.5,3,8,1650,0,1901,0,98102,1500,2400,3
3,2.5,2370,9000,1,4,8,1570,800,1952,0,98146,2120,9500,3
3,2,2040,5600,1,5,7,1120,920,1954,0,98144,2120,4958,3
3,1,1500,5750,1.5,4,7,1050,450,1927,0,98126,1500,5060,3
4,2.25,1890,3006,2,3,7,1890,0,2003,0,98029,1580,3000,3
2,2.25,2690,15000,1,3,8,1870,820,1987,0,98023,2690,15000,3
2,1,1240,57000,1,3,7,1240,0,1962,0,98075,3050,25545,3
4,2.5,2230,26989,1,4,8,1400,830,1962,0,98166,2570,17702,3
2,1,880,6380,1,3,7,880,0,1938,1994,98115,1340,6380,3
3,1.75,1560,3000,1,4,6,770,790,1918,0,98103,1390,3000,3
3,1.75,2020,8970,1,4,7,1180,840,1981,0,98072,2140,8008,3
3,2.25,2180,7741,2,3,9,2180,0,1986,0,98074,2300,8581,3
4,2,2130,2620,1.5,5,7,1650,480,1919,0,98103,1330,2719,3
3,1.75,1330,6743,1,3,8,1330,0,1958,2002,98125,2600,7350,3
4,2.75,2910,10650,1,3,8,1780,1130,1975,0,98033,2920,10988,3
3,2.5,2320,3980,2,3,8,2320,0,2003,0,98027,2580,3980,3
2,1,1100,6240,1,4,7,1100,0,1941,0,98199,1250,6240,3
4,2.5,2940,6000,2,3,8,2940,0,2000,0,98011,2510,6600,3
3,2,2380,17950,2,4,8,2110,270,1934,0,98155,2030,23900,3
4,1,1660,4704,1.5,3,7,1260,400,1930,0,98115,1360,5413,3
3,2.5,2250,11632,2,3,8,2250,0,1988,0,98056,2360,11632,3
3,2.25,2120,40518,1,3,8,2120,0,1967,0,98075,2480,13492,3
4,2.5,2400,10070,1,3,7,1510,890,1967,0,98034,2030,9964,3
3,2.5,1480,4729,2,3,7,1480,0,2004,0,98053,2250,4729,3
2,1.75,1210,131115,1.5,5,7,1210,0,1950,0,98070,2020,185565,3
2,1,1640,14100,1,4,7,1140,500,1954,0,98006,1520,13527,3
4,2.25,2220,8872,1,4,8,1110,1110,1961,0,98006,2220,9106,3
4,2.75,2560,8956,1,4,7,1500,1060,1968,0,98034,2280,9234,3
3,2.5,1260,889,3,3,8,1260,0,2008,0,98109,1340,1324,3
4,3,2380,5125,1.5,4,7,1680,700,1925,0,98126,1410,5375,3
3,2.5,1690,6642,2,3,7,1690,0,2004,0,98053,2120,5080,3
3,1,1490,10650,1,3,7,1150,340,1963,0,98033,1730,9800,3
4,2.5,3360,7685,2,3,9,3360,0,2001,0,98058,3060,6567,3
3,1.75,1640,13500,1,3,7,1110,530,1940,0,98125,1770,12600,3
3,2.5,2250,5692,2,3,8,2250,0,2000,0,98146,1320,5390,3
2,1,1010,6000,1,4,6,1010,0,1944,0,98133,1610,7313,5
3,2,1230,1340,2,3,7,1020,210,2003,0,98106,1260,1312,5
3,1,1230,4380,1,3,6,1230,0,1947,0,98106,1525,6026,5
2,1,1030,4188,1,3,8,1030,0,1981,0,98038,1450,3376,5
3,1,1250,9775,1,3,7,1250,0,1971,0,98045,1390,9650,5
1,1,900,4368,1,5,6,900,0,1915,1950,98022,1290,5000,5
2,1,960,28717,1,4,6,960,0,1984,0,98070,1860,28717,5
3,1,1190,6250,1,3,7,990,200,1954,0,98108,1760,6434,5
3,2.5,1730,7442,2,3,7,1730,0,1987,0,98030,1630,6458,5
4,1,1220,8075,1,2,7,890,330,1969,0,98001,1290,7800,5
3,1.75,1650,8073,1,3,7,1100,550,1980,0,98092,1280,8073,5
3,1,1020,8100,1,3,7,1020,0,1954,0,98198,1020,8100,5
4,1.75,2020,7840,1,3,7,1010,1010,1968,0,98003,1750,8140,5
3,2.5,2020,6564,1,3,7,1310,710,1994,0,98042,1710,5151,5
3,2.5,1530,2890,2,3,7,1530,0,2001,0,98108,1540,2890,5
3,2.25,1422,3677,2,3,7,1422,0,2012,0,98092,1677,3677,5
3,1,940,8571,1,3,6,940,0,1950,0,98146,1100,8573,5
3,2,1370,9760,1,4,7,1110,260,1979,0,98023,1640,9040,5
3,1.75,1430,8505,1,4,7,1430,0,1968,0,98003,1190,8640,5
3,1,960,9633,1,5,6,960,0,1982,0,98022,1080,8610,5
2,1,750,34133,1,3,6,750,0,1950,0,98168,1460,25792,5
3,2,1410,8384,1,3,7,1410,0,1985,0,98001,1410,9205,5
2,1,1190,27007,1,4,5,1190,0,1910,0,98027,1730,12632,5
2,1,770,10000,1,3,6,770,0,1933,0,98028,2720,8062,5
3,1,1200,8514,1,3,7,1200,0,1959,0,98022,1210,8985,5
1,0.75,430,5050,1,2,4,430,0,1912,0,98014,1200,7500,5
3,1.75,1080,1306,1,3,7,580,500,1954,2003,98199,1440,2225,4
4,3,2290,8250,2,3,9,2290,0,1990,0,98042,2290,8250,4
3,2.25,1890,9646,1,3,8,1890,0,1966,0,98168,1580,9488,4
3,1.5,1240,1221,2,3,8,1050,190,2009,0,98133,1180,887,4
3,2.25,2200,8750,1,4,7,1120,1080,1964,0,98166,1460,10139,4
5,1.75,2190,27260,1,4,7,2190,0,1947,1974,98166,1620,39480,4
4,2.5,2430,9103,2,3,8,2430,0,1990,0,98023,2260,8090,4
3,1.75,1830,51836,1,4,7,1430,400,1966,0,98059,1320,51400,4
3,1,1020,7650,1,3,7,1020,0,1940,0,98133,1440,7650,4
3,1.75,1260,8400,1,3,7,1260,0,1954,0,98148,1290,8750,4
3,2.5,1570,9292,1,3,7,1110,460,1977,0,98001,1470,9222,4
3,2.5,1650,6000,2,3,7,1650,0,1990,0,98030,1750,6000,4
3,2.5,3030,45004,2,3,9,3030,0,1987,0,98077,3080,35781,4
3,1.5,1950,7560,1,4,7,1320,630,1975,0,98022,1950,8941,4
3,2.5,1720,6271,2,3,7,1720,0,1993,0,98038,1570,6587,4
4,1.75,1810,7480,1,3,7,1230,580,1977,0,98023,1870,9594,4
3,1,1050,7500,1,3,6,1050,0,1900,0,98136,1380,7500,4
3,2.5,1750,22357,2,3,8,1750,0,1994,0,98045,2430,22357,4
4,3,1850,9976,2,3,8,1850,0,1991,0,98059,2270,8542,4
3,1,1010,5864,1,3,7,1010,0,1915,0,98116,1290,5000,4
1,1,960,40946,1,5,5,960,0,1945,0,98014,1320,20350,4
3,1.75,1480,2200,2,3,7,1480,0,1995,0,98103,1360,2190,4
3,2,1920,7598,1,4,8,1920,0,1972,0,98177,2220,7598,4
4,2.25,2570,9503,2,3,8,2570,0,1980,0,98011,1950,9600,4
6,3.5,2400,8620,2,3,8,1640,760,1987,0,98034,1940,7350,4
4,1,1760,7216,1,3,7,1090,670,1947,0,98133,1180,3844,4
2,1,2110,4920,1.5,3,7,1460,650,1911,0,98103,1390,4732,4
4,2.5,2110,9825,2,3,8,2110,0,2000,0,98059,1650,9900,4
3,2.5,1710,3795,2,3,7,1710,0,2009,0,98053,1600,3821,4
3,1.75,1760,5355,1,3,7,1160,600,1956,0,98118,1790,6225,4
2,1,880,5111,1,3,6,880,0,1931,0,98115,1370,5111,4
3,2,1450,9132,1,3,7,1450,0,1987,0,98034,1580,9104,4
3,1,1220,8329,1,3,6,1220,0,1946,0,98115,1490,8322,4
3,2.5,2280,10255,2,4,8,2280,0,1985,0,98058,2310,10094,4
3,1.75,960,8106,1,3,7,960,0,1962,0,98052,1650,8035,4
3,2.25,2110,13300,2,4,8,2110,0,1985,0,98038,2470,14000,4
3,1.5,1300,12240,1,3,7,1300,0,1963,0,98028,2040,9326,4
4,2.5,2390,7115,2,3,9,2390,0,1999,0,98092,2600,7916,4
3,1,1350,7740,1,4,6,860,490,1947,0,98125,1130,7740,4
3,2.5,1630,3425,2,3,8,1630,0,1999,0,98059,1420,3425,4
3,1.5,1360,13496,1,4,8,1360,0,1960,0,98198,1900,10538,4
4,1,1230,8316,1.5,3,7,1230,0,1963,0,98034,1490,8316,4
4,1.5,1150,9360,1.5,3,6,1150,0,1970,0,98034,1480,8155,4
5,2.5,2600,3839,2,3,7,2600,0,2005,0,98058,2180,4800,4
3,1,990,6750,1,4,6,990,0,1947,0,98133,1440,6860,4
4,2.5,1930,6228,2,3,8,1930,0,2000,0,98030,1930,6168,4
3,2.75,2770,3809,1.5,5,7,1770,1000,1925,0,98144,1440,4000,4
3,1.75,1890,10661,1,5,7,1460,430,1978,0,98038,1680,9604,4
3,1.5,1220,1086,3,3,8,1220,0,2007,0,98133,1220,1422,4
2,1,1100,7680,1,4,7,1100,0,1950,0,98133,1460,7680,4
3,2.5,1830,6162,2,3,8,1830,0,1994,0,98092,1860,7017,4
2,0.75,440,8313,1,4,5,440,0,1943,0,98070,880,26289,4
2,1.5,990,1380,3,3,7,990,0,2001,0,98133,1050,1380,4
3,2.25,1430,7222,2,3,7,1430,0,1993,0,98056,1430,7220,4
3,1.5,1410,9000,1,3,7,1410,0,1953,0,98133,1910,7214,4
4,2.25,1900,8600,1,4,8,1900,0,1975,0,98023,2120,8000,4
3,1.5,1600,9072,1,4,7,1600,0,1963,0,98030,1710,8000,4
2,1,750,8125,1,4,6,750,0,1943,0,98055,1340,8750,4
3,1.75,1670,6720,1,3,7,1140,530,1980,0,98034,1670,7320,4
3,2.25,1500,2692,2,3,7,1500,0,1986,0,98034,1470,2418,4
3,1,1500,4000,1,3,6,900,600,1925,0,98117,950,4000,4
2,1.5,1490,4080,1,3,7,930,560,1956,0,98126,1320,4080,4
3,2,1770,14400,1,4,8,1770,0,1959,0,98166,1900,14400,4
3,2.5,2340,10005,1,4,8,1460,880,1978,0,98058,2250,8162,4
4,2.5,1790,6120,2,3,7,1790,0,2005,0,98059,1950,5660,4
4,1,1590,7085,1.5,3,6,1590,0,1944,0,98125,1320,7085,4
4,2.5,2080,4080,1,5,7,1040,1040,1962,0,98144,1340,4080,4
3,1,1240,5400,1,4,7,1060,180,1940,0,98133,1429,5400,4
3,1.5,1430,12199,1,3,7,1130,300,1948,0,98133,1490,8196,4
4,1,1550,7620,1.5,3,7,1550,0,1957,0,98106,1450,7620,4
3,2.5,1240,1115,3,3,8,1240,0,2003,0,98103,1410,1355,4
5,2.5,3160,11470,1,4,9,1780,1380,1971,0,98040,3260,11470,1
4,4.5,5670,84267,2,3,11,5670,0,2008,0,98010,4100,83729,1
3,1.75,2170,12220,1,5,8,2170,0,1965,0,98033,1980,9000,1
4,2.5,2960,41656,2,3,10,2960,0,1985,0,98072,3900,35104,1
4,3.25,3450,6500,2,3,8,2450,1000,1994,0,98136,1750,6500,1
4,2.5,2370,4000,1.5,5,8,1980,390,1928,0,98144,2440,5750,1
4,2.5,2910,35679,2,4,9,2910,0,1987,0,98075,2720,36728,1
3,1.75,2150,4200,1,5,8,1140,1010,1960,0,98116,2510,7500,1
5,2.25,2730,6000,1.5,3,8,2130,600,1927,0,98105,2730,6000,1
6,2.75,2300,24773,1.5,4,9,2300,0,1950,1985,98040,2720,11740,1
3,2.25,3060,12095,2,3,10,3060,0,1983,0,98006,3060,11455,1
3,2.5,3050,33920,1,3,8,3050,0,2004,0,98052,1970,60984,1
4,2.5,3370,5000,2,3,9,3370,0,2006,0,98027,3370,5237,1
3,2.5,2390,4555,2,3,9,2390,0,2006,0,98074,2540,4500,2
6,3.5,3000,6320,2,3,8,2400,600,1969,0,98118,1720,6360,2
3,2.5,3560,9796,1,3,8,1860,1700,1965,0,98007,2210,8925,2
4,3,2950,5000,2,3,9,1980,970,1979,0,98126,2140,4000,2
4,2.75,2340,6350,1,4,7,1310,1030,1974,0,98126,2020,6350,2
4,2.5,2740,43101,2,3,9,2740,0,1993,0,98077,2740,33447,2
4,2.75,2390,6820,2,4,7,2140,250,1945,0,98115,1980,6820,2
4,2.5,3690,13609,2,3,10,3690,0,1996,0,98075,3600,13609,2
3,3.25,3190,5283,2,3,9,3190,0,2007,0,98029,2950,5198,2
2,2.5,2170,8678,1,3,8,2170,0,2008,0,98053,2170,5890,2
3,3.25,3680,7650,2,3,9,2340,1340,1988,0,98074,2280,8515,2
4,2.5,2740,7571,2,3,9,2740,0,2009,0,98033,2880,7203,2
4,2.5,2570,50308,1.5,3,10,2570,0,1993,0,98077,3420,37891,2
4,2.5,2290,13416,2,4,9,2290,0,1981,0,98007,2680,13685,2
4,2.75,3820,26300,2,3,9,2850,970,2014,0,98028,1860,12136,2
4,2.5,2930,18199,2,3,9,2930,0,1998,0,98075,2930,33976,2
2,2,1240,9119,1,4,7,1240,0,1952,0,98004,1380,9121,2
3,1.75,1930,5000,1,3,9,1230,700,1936,0,98105,2300,6000,2
4,2.25,2690,15000,2,3,9,1890,800,1978,0,98074,2670,15030,2
3,2,2060,2900,1.5,5,8,1330,730,1931,0,98144,1910,3900,2
5,3.5,3990,42436,2,3,9,2710,1280,2002,0,98027,3030,41684,2
3,1,1270,3600,1.5,3,7,1270,0,1906,0,98119,1710,3600,2
3,1,1710,5992,1.5,4,7,1560,150,1928,0,98103,1240,3001,2
3,2.5,2140,2770,2,3,8,1770,370,2007,0,98052,2510,2708,2
4,2.5,2680,8062,1,4,7,1530,1150,1967,0,98198,1920,8600,3
5,2,1940,7642,1.5,3,7,1940,0,1957,0,98177,1940,8724,3
3,1.75,1550,4708,1,4,7,860,690,1949,0,98115,1880,5600,3
3,2.5,2530,43733,2,3,8,1530,1000,1991,0,98045,1730,43548,3
4,2.25,2040,9565,1,3,8,1400,640,1959,0,98133,1890,8580,3
5,3,2930,5500,1,3,7,1750,1180,1951,0,98118,1400,5500,3
5,2.5,2540,3832,2,5,8,1760,780,1929,0,98117,2000,5289,3
4,2.5,2150,37981,2,3,9,2150,0,1985,0,98052,2450,37981,3
5,2.75,2910,53898,1,5,7,1510,1400,1979,0,98077,3210,216928,3
4,2.5,2340,8971,2,3,9,2340,0,1987,0,98029,2510,9219,3
3,3.25,1490,857,3,3,8,1220,270,2001,0,98102,1550,1092,3
2,1.75,1330,6000,1,4,7,960,370,1914,1945,98199,1620,6000,3
3,3.5,1710,2096,2,3,8,1290,420,2008,0,98122,1630,1543,3
4,2.5,2080,4080,1,5,7,1040,1040,1962,0,98144,1340,4080,3
5,2.5,2520,7863,1,3,7,1500,1020,1981,0,98034,2030,8580,3
4,1,1610,2982,1.5,4,7,1610,0,1925,0,98144,1610,4040,3
3,2.5,1930,7214,2,3,8,1930,0,2005,0,98125,1930,7266,3
6,2.5,1880,14350,1,5,7,1640,240,1955,0,98133,1510,9840,3
2,1,1060,4228,1,3,7,860,200,1906,0,98112,1060,4187,3
3,1.75,2519,8690,2,5,8,2519,0,1973,0,98166,2500,9500,3
3,2.25,1760,11946,2,3,8,1760,0,1978,0,98074,2080,12068,3
3,2.75,1980,3128,2,4,9,1980,0,1979,0,98008,1950,2856,3
3,3,2440,15540,2,3,9,2440,0,1992,0,98074,2440,15283,3
5,2.5,2340,7200,1,3,7,1300,1040,1975,0,98034,1930,7221,3
3,2,2140,3600,2,3,8,1680,460,1911,1997,98116,2340,5400,3
3,1,1180,3400,1.5,3,8,1180,0,1907,0,98109,1440,3400,3
3,2.5,2110,5608,1,3,8,1340,770,2013,0,98033,2040,9363,3
3,2.75,2150,31238,2,3,9,2150,0,1996,0,98014,2650,38307,3
3,2.5,2270,100545,2,3,8,2270,0,1998,0,98070,1277,100545,3
3,1.75,2910,37461,1,4,7,1530,1380,1967,0,98052,2520,18295,3
3,1,1110,5000,1.5,3,7,1110,0,1947,0,98107,1420,5000,3
3,2,1970,4166,2,5,8,1270,700,1929,0,98126,2390,4166,3
3,1.75,1620,8438,1,4,8,1620,0,1961,0,98125,2040,9450,3
3,1.75,1650,10150,1,3,8,1230,420,1976,0,98033,1930,8958,3
5,2,1810,4850,1.5,3,7,1810,0,1900,0,98107,1360,4850,3
3,2.25,1490,9414,2,3,7,1490,0,1981,0,98052,1290,10125,3
3,3.5,1590,1102,3,3,8,1590,0,2010,0,98103,1620,3166,3
4,2.5,2430,5203,2,3,8,2430,0,2003,0,98155,2260,7474,3
2,2,1300,2500,1,4,7,770,530,1926,0,98117,1160,5000,3
2,1.75,1850,2530,2.5,4,7,1850,0,1903,0,98122,1500,1795,3
4,1.75,2560,43995,2,4,7,2560,0,1962,0,98052,2560,14764,3
3,2.5,2360,9005,1,5,7,1340,1020,1929,0,98133,1520,9005,3
5,2.5,2500,9248,1,3,8,1300,1200,1966,0,98006,2090,8568,3
2,1.5,1320,10800,1,4,8,1320,0,1947,0,98177,2120,12040,3
3,2.5,1640,29970,2,3,7,1640,0,1992,0,98053,1580,28399,3
4,3.5,2000,2309,3,3,8,2000,0,2008,0,98177,1440,1548,3
3,1.75,1560,4049,1.5,3,7,1000,560,1926,0,98126,1430,3738,3
3,2.5,2650,7286,2,3,8,2650,0,1990,0,98059,2400,7220,3
3,1,1180,7669,1,4,7,1180,0,1967,0,98058,1190,7669,5
3,2,1440,10111,1,3,7,1440,0,1963,0,98001,1580,10200,5
3,1.5,1210,10588,1,4,7,1210,0,1958,0,98002,1408,10588,5
2,1,700,9500,1,3,6,700,0,1951,0,98118,1020,5617,5
2,1,740,6460,1,3,6,740,0,1953,0,98146,1170,6975,5
1,1,870,26326,1,3,6,870,0,1939,0,98198,1250,10608,5
3,1.75,1240,8659,1,5,7,1240,0,1986,0,98042,1490,8223,5
4,1.75,1710,7140,1,5,7,1010,700,1968,0,98032,1770,8960,5
4,2,2460,5921,1,4,7,1230,1230,1948,0,98002,1260,6648,5
3,2,1650,6000,1,3,7,1650,0,1990,0,98023,1870,6000,5
6,3,2180,7956,2,3,7,2180,0,1980,0,98003,2214,7684,5
5,2.75,2000,5885,1,3,7,1260,740,1994,0,98023,1960,6514,5
3,2,1670,6824,1,3,7,1300,370,1990,0,98042,1660,7586,5
5,3.75,2800,9900,1,3,7,2800,0,1964,0,98023,1700,13200,5
4,2.25,1730,8400,1,3,7,1730,0,1962,0,98001,1550,7920,5
3,2,1410,5760,1,3,7,1410,0,1985,0,98030,1670,6222,5
4,1.5,1920,7973,1,3,8,1920,0,1955,0,98178,2020,8840,5
3,2,1710,4697,1.5,5,6,1710,0,1941,0,98002,1030,4705,5
3,1.5,1300,7370,1,4,7,900,400,1976,0,98023,1430,7500,5
4,1.5,1120,5427,1,3,6,1120,0,1969,2014,98042,1150,5304,5
3,1,1700,11390,1,4,7,1700,0,1967,0,98003,1350,8164,5
2,1,880,6780,1,4,6,880,0,1945,0,98178,1190,6780,5
3,2.25,2070,11576,2,3,7,2070,0,1974,0,98001,1890,7519,5
2,1.5,720,5120,1,3,6,720,0,1954,0,98106,1150,2566,5
2,1,790,4000,1,3,7,790,0,1908,0,98112,1700,4200,5
3,1,1110,7520,1,4,7,1110,0,1960,0,98033,1440,8400,5
2,1,1150,8138,1,3,7,1150,0,1954,0,98155,1300,8139,4
4,2.5,1820,7912,2,3,7,1820,0,1994,0,98038,1820,8168,4
3,1,1040,7541,1,3,6,1040,0,1951,0,98133,1140,6100,4
2,1,1070,32633,1,4,6,1070,0,1930,0,98059,1360,32156,4
3,1,960,6634,1,3,6,960,0,1952,0,98125,1570,7203,4
3,1.5,1255,1374,3,3,7,1255,0,2004,0,98125,1307,1232,4
3,1,1160,9750,1,3,7,1160,0,1967,0,98077,1160,9650,4
5,2.75,2000,9276,2,4,7,2000,0,1968,0,98055,1240,8270,4
3,2,1810,10530,1,3,8,1810,0,1991,0,98022,1910,10450,4
5,2.5,2180,8240,1,4,8,1220,960,1977,0,98092,2050,7590,4
4,2.25,2150,8250,1,4,7,1240,910,1978,0,98023,2050,7875,4
3,2.25,1900,7800,1,4,8,1390,510,1977,0,98055,1730,7800,4
2,1,1180,6552,1,4,6,1180,0,1949,0,98133,1070,7200,4
3,2.25,2080,4252,1.5,3,7,1550,530,2003,0,98042,2080,2275,4
3,2,1320,8959,1,3,7,1320,0,1993,0,98042,1740,7316,4
3,1,1180,5350,1.5,4,6,1180,0,1959,0,98178,1490,5350,4
3,2.5,1910,66211,2,3,7,1910,0,1997,0,98024,2330,67268,4
3,2.5,2320,36847,2,3,9,2320,0,1992,0,98045,2550,35065,4
3,1.75,2410,51763,1,4,8,1410,1000,1981,0,98077,2410,49207,4
3,1.75,2080,7700,1,5,7,1600,480,1968,0,98056,1680,7700,4
3,1,1830,13900,1,3,7,1830,0,1951,0,98133,1840,10667,4
3,2.25,1510,36224,2,3,8,1510,0,1991,0,98045,1730,36224,4
3,2.5,1690,1200,2,3,8,1410,280,2013,0,98106,1690,1760,4
4,2.25,2060,10070,2,3,7,2060,0,1975,0,98034,2060,8155,4
3,1,1400,4800,1,4,6,700,700,1917,0,98136,1470,6000,4
4,3.75,2452,4800,2,3,7,2452,0,1936,1994,98055,1180,4800,4
3,1.75,1560,9452,1,4,8,1560,0,1974,0,98056,2200,9985,4
7,3,2940,8624,1,3,8,1690,1250,1977,0,98155,1850,8031,4
5,2.5,2900,8711,1,3,8,1650,1250,1977,0,98011,2340,8869,4
2,0.75,1160,15029,1,4,6,870,290,1937,0,98014,1870,25346,4
4,1.75,1850,6480,1,4,7,1120,730,1958,0,98108,1610,5040,4
4,2.5,2910,5000,2,3,8,2910,0,2002,0,98042,2740,5045,4
4,2.25,2130,5337,2,3,7,2130,0,2001,0,98019,2300,6930,4
4,1.75,1760,7300,1,3,7,880,880,1956,0,98008,1680,7500,4
4,1.75,2200,7475,1,5,7,1100,1100,1955,0,98118,1600,5766,4
3,1.75,1580,7000,1,3,7,1180,400,1976,0,98034,1640,7500,4
4,2.25,2070,8893,2,4,8,2070,0,1986,0,98058,2390,7700,4
3,2.75,2030,6840,1,3,7,1210,820,1979,0,98108,1910,6365,4
4,2,1770,8890,1,5,6,1770,0,1949,0,98166,1010,7620,4
2,1.5,1320,73600,1,3,7,1320,0,1993,0,98001,1320,33600,4
3,1,1250,7210,1,4,7,1250,0,1964,0,98008,1530,8800,4
3,2.5,2690,8577,2,3,9,2690,0,1987,0,98023,2570,8066,4
3,1.5,1560,9600,1,4,7,1560,0,1961,0,98033,1520,10000,4
4,2.5,2180,7210,1,3,7,1190,990,1972,0,98011,2070,7210,4
3,2,1260,5612,1,4,7,1260,0,1972,0,98034,1640,4745,4
4,2.75,2060,6659,1,3,7,1280,780,1981,0,98058,2020,8720,4
4,2.5,2190,7125,2,5,8,2190,0,1978,0,98032,2190,8075,4
5,2.5,3220,5751,2,3,8,3220,0,2002,0,98042,2740,5500,4
3,2.25,1646,7364,2,3,7,1646,0,1994,0,98038,1975,9161,4
3,2.5,2420,4750,2,3,8,2420,0,2003,0,98042,2690,4750,4
3,1,1510,142803,1,3,7,1510,0,1974,0,98001,1330,46609,4
3,2.5,1610,2937,2,3,8,1610,0,2006,0,98055,1610,3049,4
5,2.5,2270,6300,2,3,8,2270,0,1995,0,98092,2240,7005,4
2,1,920,5000,1,4,6,490,430,1949,0,98103,1500,5000,4
3,3,1590,7750,1,3,7,1060,530,1997,0,98038,1680,7500,4
2,1,870,5340,1.5,2,6,870,0,1906,0,98144,1190,4440,4
4,1.75,1680,9966,1,3,7,1100,580,1977,0,98198,2400,10369,4
3,1.75,1330,9917,1,3,7,1040,290,1981,0,98058,1330,9081,4
3,1.5,1010,8108,1,5,7,1010,0,1954,0,98155,1300,8108,4
3,1.75,1590,8219,1.5,5,6,970,620,1938,0,98034,2030,7504,4
3,1.75,2340,5668,1,4,6,1200,1140,1941,0,98106,860,4800,4
4,2.25,1770,33132,1,4,8,1190,580,1965,0,98058,2490,20000,4
2,1,1190,4440,1,3,6,1190,0,1981,0,98125,1060,5715,4
4,1.5,2140,7920,1,3,7,1190,950,1959,0,98118,2140,7238,4
4,2.75,2610,8967,2,4,8,2610,0,1990,0,98042,2390,7852,4
3,2.5,2653,4510,2,3,8,2653,0,2006,0,98031,2653,4927,4
4,2.5,1840,9611,2,3,7,1840,0,1996,0,98178,1830,8505,4
2,1,960,6250,1,3,6,960,0,1916,0,98136,1350,6250,4
4,2.5,2530,10155,2,3,8,2530,0,1998,0,98042,2330,7205,4
4,2.5,1970,5106,2,3,8,1970,0,1999,0,98055,2230,5109,4
3,2,2270,28025,1,4,7,1920,350,1947,0,98168,1770,14833,4
3,2.5,2380,16080,1,4,9,1340,1040,1964,0,98136,2560,10070,1
4,2,2490,9525,2,5,9,2490,0,1968,0,98040,2770,9525,1
4,3,3180,80837,2,3,11,3180,0,1985,0,98072,3180,38715,1
3,1.5,1250,8710,1,4,7,1250,0,1953,0,98004,1750,9185,1
4,2.5,3130,13202,2,3,10,3130,0,1996,0,98075,2840,10470,1
4,4.25,4930,25714,2,3,12,4930,0,2005,0,98092,3620,23035,1
5,2.75,2830,6137,2,3,9,2830,0,2010,0,98074,3170,6285,1
4,2.25,2360,11523,2,4,10,2360,0,1968,0,98040,2850,11362,1
4,2.5,3300,101930,2,4,10,3300,0,1991,0,98029,2880,213879,1
4,2,1190,8190,1.5,3,7,1190,0,1945,0,98117,1190,1567,1
4,1.75,1800,4180,2,4,8,1800,0,1921,0,98102,2180,4620,1
4,1.75,2480,11010,1,4,9,1630,850,1966,0,98040,2770,10744,1
4,2.5,3060,7140,2,3,9,3060,0,2006,0,98027,3240,6218,1
4,2.5,3230,40319,2,4,10,3230,0,1987,0,98027,2990,40234,2
5,2.75,2760,5000,2,3,9,2760,0,2005,0,98059,2870,5030,2
4,2.75,2510,11880,1,5,8,1630,880,1978,0,98006,2390,11211,2
3,2,1700,4080,1,4,7,850,850,1941,0,98117,1480,5100,2
3,1.75,1290,3870,1,5,7,1290,0,1916,0,98144,2020,5850,2
6,2.5,2560,8320,1,3,7,1370,1190,1961,0,98125,2360,7800,2
3,2.5,2140,9897,1,4,8,2140,0,1959,0,98040,2680,10083,2
4,2.5,2380,9614,2,4,10,2380,0,1991,0,98006,2560,9770,2
4,2.75,2610,8760,1,4,8,1760,850,1978,0,98040,2550,10376,2
4,2,2050,4400,1.5,4,9,2050,0,1922,0,98102,2320,5500,2
2,1.75,1950,2719,1,5,7,1010,940,1919,0,98103,1360,1256,2
3,1,1250,4620,1.5,4,7,1150,100,1900,0,98103,1900,4400,2
3,1.75,1080,3200,1,4,7,880,200,1926,0,98103,1780,5200,2
4,2.5,3010,6100,2,3,9,3010,0,2005,0,98052,2890,5176,2
4,2.5,2540,28563,1,3,10,2540,0,1984,0,98052,2790,20301,2
4,2.75,2910,18700,1,3,9,2210,700,1957,1995,98177,2420,26140,2
5,3,3230,5167,1.5,4,8,2000,1230,1909,0,98133,1509,1626,2
4,2.5,2570,7173,2,3,8,2570,0,2005,0,98052,2630,6026,2
3,2.25,2330,11424,2,4,8,2330,0,1984,0,98052,2050,11448,2
4,2.25,2130,10650,2,4,8,2130,0,1977,0,98006,3380,10050,2
4,2.5,2440,10049,2,4,9,2440,0,1989,0,98029,2820,8484,2
4,1.75,1620,7560,1,4,7,1380,240,1947,0,98117,2170,8650,2
6,2.75,3610,10003,1.5,4,8,3610,0,1966,0,98008,2560,10004,2
4,1.75,2020,16120,1,3,7,2020,0,1969,0,98010,1940,16350,2
3,2.5,2100,4700,2,3,8,2100,0,1999,0,98065,2100,4700,3
3,2.5,1530,3984,2,3,8,1530,0,1995,0,98029,1720,4005,3
3,2.5,1610,2527,2,3,9,1080,530,2005,0,98118,1610,4173,3
3,2.5,2090,8653,2,3,8,2090,0,1989,0,98011,2090,6396,3
2,2,1100,3000,1.5,3,7,1100,0,1912,2005,98117,1390,4000,3
3,2.25,2100,8201,1,3,8,1620,480,1967,0,98178,2660,8712,3
4,2,1770,7700,1.5,4,7,1770,0,1962,0,98007,1710,7700,3
4,3.25,5450,37058,1.5,5,9,5450,0,1984,0,98042,2800,35716,3
2,2.5,2410,102366,1,4,7,1940,470,1912,1989,98024,2460,310582,3
3,1.75,1560,242629,1,3,7,1560,0,1981,0,98053,2320,220654,3
4,2.75,2330,6703,1.5,3,7,1710,620,1983,0,98177,2060,7500,3
5,2.25,2100,6936,1,3,8,1600,500,1974,0,98033,2100,8661,3
5,1,1710,9100,1.5,4,7,1320,390,1926,0,98126,1880,9100,3
4,3,2670,5000,2,3,7,2670,0,1916,1978,98126,2300,5000,3
4,2,2100,8880,1,4,7,2100,0,1958,0,98008,1280,9102,3
4,2.5,2590,9530,1,4,8,1640,950,1978,0,98155,2710,10970,3
3,1.75,1320,2500,1,3,7,870,450,1918,0,98105,1580,2750,3
3,1.75,1730,8400,1,4,7,1400,330,1980,0,98052,1830,8636,3
4,3,3590,8249,2,3,9,3590,0,1997,0,98023,2860,7995,3
2,1.75,1670,6460,1,3,8,1670,0,2004,0,98053,2170,6254,3
3,2.25,1690,4964,2,3,8,1690,0,1989,0,98029,1800,5036,3
4,2,1910,2874,1,3,7,1060,850,1910,0,98122,1520,2874,3
3,2.25,1670,5004,2,3,8,1670,0,1987,0,98029,1850,5276,3
4,2.75,1720,6270,2,3,8,1720,0,1978,0,98118,2130,8700,3
4,2.25,2220,36085,2,3,9,2220,0,1989,0,98075,3000,36906,3
5,2.5,3150,5150,2,5,8,1870,1280,1907,2004,98118,1550,5150,3
4,2.5,2430,11870,1,5,8,1590,840,1968,0,98155,2430,9600,3
3,2.5,3370,14402,2,3,9,3370,0,2004,0,98045,3330,9691,3
4,2.5,2160,8158,1,4,8,1660,500,1952,0,98115,1520,7208,3
3,2,2060,7000,1,4,9,2060,0,1988,0,98029,2110,7000,3
4,2.5,2440,7322,2,3,9,2440,0,1991,0,98056,2590,9927,3
3,2.5,2830,5802,2,3,9,2830,0,2001,0,98028,2500,5788,3
3,2.25,2160,37000,1.5,4,7,1760,400,1933,0,98052,2540,37000,3
3,2.25,2000,217800,2,3,8,2000,0,1996,0,98024,2220,217800,3
3,2.25,1910,35015,1,4,8,1430,480,1977,0,98027,2340,36680,3
3,2.25,2100,40510,2,3,10,1320,780,1979,0,98074,2380,33450,3
4,2.5,2403,6172,2,3,9,2403,0,1999,0,98028,2380,6075,3
3,1,1430,3455,1,3,7,980,450,1947,0,98103,1450,4599,3
3,2.75,1540,6760,1,5,7,1210,330,1980,0,98034,1540,7416,3
4,2.5,2250,14440,1,3,7,1550,700,1967,0,98027,2090,11400,3
3,2,2590,14052,1,5,8,1720,870,1948,0,98133,1570,8162,3
3,2.5,1940,10035,2,4,8,1940,0,1994,0,98072,2810,8333,3
3,2.25,1840,8400,1,3,8,1290,550,1961,0,98006,2110,8400,3
2,1,1030,4400,1,3,7,1030,0,1924,0,98117,1400,4200,3
4,2.25,2020,8424,1,4,7,1380,640,1979,0,98034,2030,7236,3
4,2,1560,3840,1,4,6,960,600,1924,0,98117,1560,4800,3
2,1,1320,4520,1,3,6,1320,0,1912,1971,98116,1420,4560,3
2,1.75,1510,6852,1,3,8,1510,0,2005,0,98053,1510,5912,3
3,1,1280,8712,1,4,7,1280,0,1956,0,98003,1420,8800,5
1,1,930,7129,1,3,6,930,0,1948,0,98133,1300,8075,5
3,1,1040,7405,1,4,6,1040,0,1971,0,98010,1580,7405,5
3,1.5,1010,5000,1,3,6,1010,0,1943,0,98178,980,5000,5
3,1,870,5330,1,3,6,870,0,1969,2014,98042,840,5200,5
3,1,1250,5411,1,3,7,1250,0,1980,0,98178,1490,6320,5
2,1,860,5000,1,3,6,860,0,1915,1945,98146,1220,5000,5
3,2,1340,5670,2,3,6,1340,0,1994,0,98055,1290,4892,5
3,1.5,1580,7200,1,4,7,1080,500,1976,0,98092,1580,7470,5
3,1.75,1790,12000,1,3,7,1040,750,1960,0,98198,1840,12000,5
3,1,1430,15246,1,4,7,980,450,1961,0,98031,1960,13068,5
3,2,1510,3413,2,3,7,1510,0,1985,0,98031,1570,3777,5
2,1,1300,11867,1.5,4,6,1300,0,1975,0,98010,820,11867,5
3,1,1180,13650,1,4,7,1180,0,1967,0,98058,1460,11730,5
3,1.5,2840,10182,1,3,8,1510,1330,1951,0,98056,2210,9669,5
3,1.75,1740,11547,1,3,7,1740,0,1954,0,98178,880,78408,5
3,1.75,1510,10248,1,3,7,1510,0,1969,0,98023,1510,9753,5
3,1.75,1420,8738,1,4,7,1420,0,1966,0,98002,1660,8738,5
3,1,1370,56628,1,3,7,1370,0,1942,0,98003,1768,8702,5
3,1,1000,6020,1,3,6,1000,0,1944,0,98166,1300,8640,5
3,1,990,8528,1,3,6,990,0,1966,0,98023,1228,8840,5
3,2,1390,13464,1,4,7,1390,0,1987,0,98030,1720,12080,5
2,1,820,8860,1,3,6,820,0,1950,0,98055,1660,15375,5
3,1,1000,7636,1,2,7,1000,0,1952,0,98166,1150,7600,5
3,1.5,1350,81549,1,2,7,1350,0,1966,0,98092,2220,93825,5
3,1,1060,7473,1,3,7,1060,0,1959,0,98198,1320,7912,5
3,1.75,1220,9732,1,3,7,1220,0,1965,0,98011,1630,10007,4
4,1,1100,5000,1.5,5,6,1100,0,1904,0,98055,1560,4838,4
2,1,1060,5703,1,4,6,1060,0,1946,0,98198,2240,4416,4
4,2.75,2640,7500,1,3,8,1620,1020,1967,0,98023,1980,7875,4
3,1.75,1600,14250,1,3,7,1070,530,1979,0,98023,2140,14960,4
3,2,2050,13303,1,3,8,2050,0,1993,0,98003,2180,11590,4
3,1.75,1650,9480,1,3,7,1220,430,1977,0,98034,1540,8400,4
3,2,1480,6698,1,4,7,1080,400,1979,0,98058,1850,7348,4
3,2.25,1450,7562,2,3,7,1450,0,1994,0,98056,1650,7625,4
4,1.75,1990,18900,2,4,7,1870,120,1929,0,98168,1710,12400,4
4,3,1900,7194,2,4,7,1900,0,1988,0,98042,1690,7194,4
4,2.5,1560,4350,2,3,7,1560,0,2003,0,98056,1560,4350,4
3,1,1370,17859,1,4,7,1150,220,1930,0,98024,1460,47044,4
3,2,1560,8853,1,3,7,1560,0,1967,0,98058,1610,8750,4
3,2.5,2495,4400,2,3,8,2495,0,2007,0,98001,2434,4400,4
3,2.5,1670,5797,2,3,7,1670,0,1988,0,98030,1670,6183,4
4,2.5,2520,7253,2,3,9,2520,0,1990,0,98059,2570,8359,4
2,2,1270,1372,3,3,8,1270,0,2000,0,98115,1610,3090,4
3,1,1230,6000,1,4,7,780,450,1937,0,98115,1570,5000,4
3,1,1620,30736,1.5,4,7,1620,0,1911,1977,98006,2440,28826,4
3,2.5,1630,10762,1,3,7,1630,0,1994,0,98011,1770,10762,4
4,1.5,2150,23568,1,4,7,2150,0,1950,0,98166,2150,10125,4
4,1,1970,4740,1.5,3,7,1670,300,1904,2005,98122,1510,4740,4
3,1.75,1570,8400,1,4,7,1570,0,1959,0,98133,1860,8639,4
3,2.5,1840,5680,2,3,7,1840,0,2008,0,98053,1600,4697,4
3,2.5,2360,6699,2,3,7,2360,0,2003,0,98065,2360,4744,4
4,1,1260,7645,1.5,3,6,1260,0,1925,0,98146,1170,7649,4
3,2.25,2000,8030,1,4,8,1000,1000,1963,0,98008,2070,8250,4
3,1.5,1490,7275,1,3,7,1090,400,1974,0,98034,1420,7330,4
3,2.75,2390,7939,1,5,7,1610,780,1983,0,98056,1920,7939,4
3,1,1130,4100,1,3,7,990,140,1941,0,98117,1800,4100,4
3,2,1890,14040,2,3,7,1890,0,1994,0,98019,1890,14018,4
4,2.5,1890,15770,2,4,7,1890,0,1968,0,98166,2410,15256,4
3,2.25,1800,4500,2,3,7,1800,0,1995,0,98019,1760,6589,4
4,2.5,1890,12236,1,3,7,1230,660,1978,0,98045,1390,11360,4
3,2,1370,8336,1,5,7,1370,0,1964,0,98133,1770,7288,4
4,2,1940,25600,1,1,8,1940,0,1962,0,98006,2000,10071,4
4,2.5,2210,17715,2,3,8,2210,0,1997,0,98030,2210,16907,4
4,2.5,2770,7000,1,4,7,1940,830,1979,0,98001,2140,7684,4
7,3,2800,9569,1,3,7,1400,1400,1963,0,98056,2150,7333,4
3,1,1350,8581,1,5,6,1350,0,1944,0,98177,2080,8451,4
2,2.5,1100,1760,3,3,7,1100,0,1997,0,98103,1200,1415,4
3,2.5,2440,7632,2,3,8,2440,0,1998,0,98003,2510,7903,4
3,1.75,1510,15744,1,3,7,1510,0,1985,0,98045,1470,15744,4
5,2.75,2400,8050,2,3,8,2400,0,1998,0,98092,2400,8050,4
3,2.5,1890,6560,2,3,7,1890,0,2003,0,98038,2390,7570,4
3,2.5,1590,3480,2,3,7,1590,0,2004,0,98056,1680,3480,4
4,2.5,1930,9643,2,4,7,1930,0,1992,0,98031,1930,7525,4
3,1,1280,9656,1,4,6,920,360,1959,0,98058,1340,8808,4
4,1.75,2020,7865,1,4,7,1010,1010,1963,0,98059,1650,7865,4
1,0.75,560,12120,1,3,4,560,0,1967,0,98014,1300,19207,4
3,1,1210,33919,1,3,7,1210,0,1954,0,98058,1640,14910,4
4,2.5,2240,4648,2,3,7,2240,0,2005,0,98001,2221,4557,4
4,1.75,1660,10725,1,3,7,960,700,1956,0,98168,1340,9023,4
2,1,770,8149,1,3,6,770,0,1948,0,98155,1160,8149,4
3,1.75,2160,7140,1,4,7,1670,490,1978,0,98023,1930,7350,4
4,1,800,8775,1,3,6,800,0,1943,0,98166,1310,8775,4
3,1.5,1820,10608,1,4,7,1820,0,1962,0,98003,1380,8976,4
2,2,1200,3900,1,3,8,1200,0,2006,0,98053,1440,5580,4
3,1.75,1920,9102,1,3,7,1920,0,1968,0,98072,1920,9760,4
3,2,1710,134489,1,5,7,1710,0,1952,0,98022,1700,63823,4
3,1.75,1790,7123,1,3,7,1790,0,1913,1995,98019,1660,8128,4
3,2,1010,7380,1,3,7,1010,0,1982,0,98074,1650,9030,4
4,1.75,1700,8640,1,3,7,850,850,1955,0,98006,1620,9000,4
3,1.75,1680,8648,1,4,7,1680,0,1963,0,98133,1290,8147,4
3,1,1660,11783,1,4,7,1160,500,1978,0,98077,1320,10541,4
4,2.5,1900,5889,2,3,7,1900,0,1992,0,98038,1870,6405,4
3,1.5,1680,8712,1,3,8,1680,0,1964,0,98059,1850,8797,4
3,2.25,1780,16290,2,4,8,1780,0,1987,0,98058,1780,8810,4
4,2.5,2156,3562,2,3,9,2156,0,2012,0,98030,1708,3539,4
3,1.5,1130,7223,1,4,7,1130,0,1961,0,98056,1320,7356,4
3,2,1690,9087,1,3,8,1690,0,1997,0,98042,2090,8100,4
3,4.5,4380,47044,2,3,9,3720,660,1968,1990,98166,2460,18512,1
4,1.75,2490,7834,1,4,8,1240,1250,1958,0,98033,3210,7834,1
4,2.5,3880,35003,2,3,10,2570,1310,1984,0,98033,3740,35230,1
4,2,2330,5000,1.5,5,7,1720,610,1925,0,98117,2090,5000,1
4,2.75,3390,6298,2,3,9,3390,0,2011,0,98074,3390,7111,1
5,2.75,3010,12611,2,3,10,3010,0,1994,0,98052,2890,9456,1
4,2.5,2610,3500,1.5,5,7,1610,1000,1927,0,98115,1820,3900,1
4,2.25,3320,20100,1,4,8,1810,1510,1981,0,98006,2450,9821,1
4,4.25,5710,24663,2,3,11,5710,0,2007,0,98092,4060,23847,1
3,1,1330,77972,1,3,7,1330,0,1928,1954,98033,1340,17689,1
3,1.5,2440,5750,1,3,8,1320,1120,1939,0,98115,2160,6820,1
6,2.5,3010,17864,2,3,8,3010,0,1969,0,98177,2560,11532,1
2,1.5,2130,35679,1,4,7,2130,0,1963,0,98033,2670,35679,1
4,2.75,2810,7302,2,3,9,2810,0,2002,0,98075,2820,7302,2
5,2.5,1900,7843,2,5,7,1900,0,1966,0,98008,1900,7350,2
3,1,1400,1581,1.5,5,8,1400,0,1909,0,98112,1860,3861,2
4,2.25,2200,9163,1,4,8,1430,770,1971,0,98006,2420,9163,2
3,2,2520,5980,1,3,8,1790,730,1957,0,98116,1590,5750,2
4,1.5,2820,4000,2,3,7,2820,0,1911,0,98103,1470,1627,2
4,2.25,2350,10664,1,2,7,1510,840,1952,0,98040,2350,10140,2
4,2.5,3300,10514,2,3,10,3300,0,1984,0,98074,2820,11462,2
4,2.75,2790,10819,2,3,10,2790,0,1996,0,98027,3080,12603,2
3,2.5,2600,10183,1,3,8,1300,1300,2004,0,98033,1860,10401,2
4,2,2110,4140,2,3,9,1710,400,1925,2003,98116,1440,4420,2
3,2,1760,5400,1,5,7,1160,600,1927,0,98103,1640,5400,2
4,2.5,2680,4499,2,3,9,2680,0,1999,0,98006,2920,4500,2
3,2.25,2370,10289,1,4,9,1590,780,1977,0,98005,2500,10004,2
4,1.5,2290,10372,1,3,7,1510,780,1965,1987,98033,1900,8109,2
2,2.5,2630,7957,2,3,8,2630,0,2003,0,98053,2305,7220,2
6,2.25,2660,13579,2,3,7,2660,0,1937,1990,98125,1120,8242,2
3,1.5,1590,7080,1,3,8,1310,280,1952,0,98136,2080,7200,2
5,3.25,2400,3118,2,4,7,1780,620,1928,0,98122,2100,3941,2
4,1.75,2330,5000,1.5,4,7,1510,820,1929,0,98117,1460,5000,2
4,2.25,2590,8190,2,4,8,2590,0,1980,0,98006,2260,8335,2
4,2.25,2610,24931,2,3,8,2610,0,1983,0,98075,2550,18306,2
3,2,1870,3388,1,4,8,1230,640,1925,0,98199,1780,4050,2
4,1.75,2060,9828,1,4,8,2060,0,1960,0,98005,2260,9996,2
5,1.75,2030,12342,2,4,7,2030,0,1942,0,98052,2500,9433,3
3,2.5,3460,6590,2,3,7,3460,0,2001,0,98056,2490,6312,3
3,2.25,1850,7923,1,4,7,1150,700,1977,0,98033,1780,7420,3
2,1,1430,5000,1.5,2,7,1430,0,1925,0,98115,1450,3750,3
3,2,2290,16258,1,5,8,2290,0,1960,0,98058,1660,10530,3
3,1.75,1300,7800,1,5,7,1300,0,1968,0,98034,1520,7344,3
5,3.75,3570,14648,2,3,9,3570,0,2005,0,98019,3160,7882,3
3,3,2480,45302,1,4,8,1620,860,1976,0,98077,1260,14100,3
2,2.5,3090,47044,1,4,10,2250,840,1979,0,98058,1860,62829,3
2,2,1420,9191,1.5,5,7,1420,0,1928,0,98115,1420,6816,3
3,2.5,2600,4438,2,3,7,2600,0,2004,0,98053,2600,4904,3
4,3,1490,6766,1.5,5,7,1490,0,1915,0,98136,1990,6526,3
4,2.25,2550,7800,1,3,8,1580,970,1968,0,98052,2420,8050,3
4,1.75,2480,14782,1,3,8,1460,1020,1958,0,98155,2910,10800,3
3,1.75,2000,6130,1,4,8,1120,880,1951,0,98117,2140,7150,3
3,2.25,2570,7242,2,3,7,2170,400,1951,1991,98125,1690,7639,3
5,2.25,2720,8800,1,4,7,1500,1220,1958,0,98008,2110,8800,3
4,2.25,1580,7307,1,3,8,1160,420,1973,0,98027,2020,7458,3
3,1.5,1430,5200,1,4,7,1250,180,1940,0,98117,2210,6240,3
3,2.25,2370,38639,1,3,8,1930,440,1978,0,98077,2900,37452,3
4,2.75,2280,15347,1,5,7,2280,0,1960,0,98059,2280,15347,3
4,2.5,2460,4862,2,3,8,2460,0,2004,0,98028,2900,4895,3
4,2,1400,3600,1,3,7,1100,300,1900,0,98119,1630,2048,3
2,2,1510,6516,1,3,8,1510,0,2005,0,98053,1640,6009,3
3,1.75,1600,9135,1,5,7,1600,0,1955,0,98006,1580,9800,3
3,1.75,1900,5000,1,5,7,950,950,1951,0,98116,1770,5000,3
3,1.75,1920,7400,1,4,8,1260,660,1977,0,98006,2360,8048,3
4,4,3570,8250,2,3,10,2860,710,2015,0,98040,2230,10000,3
3,2.25,2230,10026,1,3,8,1430,800,1975,0,98052,2230,9340,3
3,2.5,1940,9000,1,4,7,970,970,1948,0,98117,2190,7310,3
5,3.5,2700,11675,1.5,4,6,1950,750,1948,0,98133,2160,8114,3
4,3.5,3710,10400,2,3,8,2290,1420,2002,0,98056,1720,4276,3
4,3.5,3540,4750,2,3,10,3540,0,2003,0,98055,3310,5655,3
2,1,890,3060,1,3,7,770,120,1910,0,98105,1760,4080,3
3,1.75,1330,5000,2,4,7,1210,120,1909,0,98116,1500,4000,3
4,2.25,1910,8005,1,3,8,1280,630,1960,0,98125,1860,8010,3
4,2,2000,6380,2,4,6,1860,140,1949,0,98115,1600,6380,3
3,1.75,1540,3000,1,3,7,770,770,1920,0,98117,1420,4200,3
3,2.5,2100,17882,2,4,8,2100,0,1985,0,98059,2080,16686,3
2,1.75,2040,114562,1,4,7,2040,0,1968,0,98027,1850,94960,3
4,2.25,2020,85813,2,3,7,2020,0,1995,0,98027,2120,85813,3
4,2.5,2600,7787,2,3,8,2600,0,2005,0,98059,2830,7787,3
3,2.5,1460,4961,1,4,8,1150,310,1988,0,98033,1550,5449,3
4,2.75,3550,13938,1,5,8,2100,1450,1966,0,98188,2050,9000,3
4,2.5,2200,3141,2,3,7,2060,140,1994,0,98144,1660,3175,3
4,1.75,1870,8663,1,5,7,1870,0,1949,0,98133,1560,7800,3
4,1.5,1580,7350,1,4,7,960,620,1963,0,98052,1560,7350,3
3,1,1060,4650,1,3,7,910,150,1950,0,98116,1480,4750,3
2,1,1600,8961,1,4,7,1390,210,1949,0,98002,1502,6798,5
2,1.75,1440,5680,1,4,8,1440,0,1978,0,98198,1320,3547,5
3,1,940,7980,1,4,7,940,0,1960,0,98032,1150,8050,5
3,1,1260,8378,1,4,6,840,420,1959,1977,98023,1140,8496,5
2,0.75,900,9600,1,3,6,900,0,1941,0,98166,1250,14280,5
3,1.75,1150,8690,1,4,7,1150,0,1977,0,98042,1330,7040,5
3,1.75,2270,9000,1,4,8,1330,940,1978,0,98023,2090,8400,5
3,2,1650,7352,1,3,7,1160,490,1979,0,98058,1710,7350,5
2,1.75,1500,8645,1,4,7,1500,0,1963,0,98042,1220,8645,5
2,1,710,6322,1,3,6,710,0,1942,0,98126,740,6720,5
3,2.5,1490,2138,2,3,7,1490,0,2005,0,98055,1490,2094,5
3,1,1250,9774,1,4,7,1250,0,1969,0,98003,1280,8850,5
3,1,1020,8437,1,5,6,1020,0,1987,0,98022,1420,8500,5
3,1.75,1410,9315,1,5,7,1410,0,1960,0,98031,1630,8250,5
2,2,1130,5500,1,4,6,1130,0,1941,0,98030,1320,6600,5
3,2,1270,7198,1.5,3,7,1270,0,1916,2013,98022,1160,7198,5
2,1,1240,12092,1,3,6,960,280,1922,1984,98146,1820,7460,5
3,1,1060,7473,1,3,7,1060,0,1959,0,98198,1320,7912,5
3,1.75,1100,7224,1,3,7,1100,0,1981,0,98032,1700,8447,5
3,2,1440,7187,1,4,7,970,470,1981,0,98023,1440,7187,5
3,1.75,1060,7875,1,4,7,1060,0,1986,0,98092,1420,7680,5
3,1.75,1070,7200,1,3,7,1070,0,1994,0,98010,1480,7200,5
2,2.75,1590,20917,1.5,3,5,1590,0,1920,0,98001,1310,6000,5
2,1.75,1240,2493,1,4,8,1240,0,1985,0,98198,1270,4966,5
4,2,1570,9600,1,3,6,1570,0,1950,0,98168,1880,9000,5
3,1,1530,8498,1,3,7,1530,0,1959,0,98031,1380,8498,5
3,2.5,1620,2930,2,3,8,1620,0,2002,0,98058,1900,2943,4
4,2.5,3504,6000,2,3,7,3504,0,2006,0,98001,2790,5231,4
4,2.5,1850,7324,2,3,8,1850,0,1997,0,98042,2100,7329,4
3,1,1230,9660,1,3,7,1230,0,1968,0,98053,1380,10125,4
3,2.25,1410,8909,2,3,7,1410,0,1988,0,98198,2050,8909,4
3,1.75,1660,8160,1,4,7,1660,0,1951,0,98166,1490,8100,4
3,1.75,1890,13860,1,5,7,1890,0,1966,0,98042,1500,14536,4
4,2.5,1910,4862,2,3,7,1910,0,2005,0,98038,2010,5091,4
3,1.75,1730,14270,1,3,7,1730,0,1959,0,98065,1600,11232,4
5,1.5,2120,7700,1.5,5,7,2120,0,1962,0,98058,1730,7700,4
4,1.75,2510,7440,1,4,8,1290,1220,1962,0,98032,1790,8000,4
2,1,850,16400,1,3,6,850,0,1923,0,98168,1100,14459,4
3,2.25,1420,8549,2,4,7,1420,0,1989,0,98038,1560,7471,4
2,1.5,1380,209959,1,1,6,1380,0,1954,0,98011,3130,19868,4
5,3.5,2390,6600,2,5,7,2390,0,1977,0,98042,1140,6600,4
4,2.5,1560,7800,2,3,7,1560,0,1997,0,98168,1160,7800,4
6,2.5,2800,10490,1,3,7,1400,1400,1968,0,98177,2290,8716,4
3,1.5,1050,4590,1,3,7,850,200,1949,0,98115,1770,5400,4
4,2.25,2730,7506,2,4,8,2730,0,1987,0,98058,2390,8015,4
3,2,1970,7000,1,3,8,1970,0,1986,0,98038,1970,7365,4
3,2.25,1570,7475,1,4,7,1200,370,1983,0,98034,1700,7230,4
2,1,860,3880,1,4,6,860,0,1916,0,98117,1230,4260,4
4,2.5,1980,5000,2,3,8,1980,0,2008,0,98014,1400,8500,4
3,1,1610,5500,1.5,3,7,1610,0,1903,1973,98103,1200,5701,4
2,1,1040,7538,1,4,7,1040,0,1939,0,98133,1440,7530,4
3,1.5,1580,5000,1,3,8,1290,290,1939,0,98117,1570,4500,4
2,1,770,5040,1,3,5,770,0,1930,0,98144,1330,2580,4
3,1,1060,8097,1,4,7,940,120,1923,0,98133,1560,7940,4
3,1.5,1510,16800,1,5,8,1510,0,1956,0,98133,1560,7276,4
2,1,880,3000,1,3,6,880,0,1924,0,98115,890,3000,4
4,1,1420,4875,1.5,3,7,1420,0,1930,0,98115,1110,5413,4
3,1.5,1300,8280,1,5,7,1300,0,1956,0,98028,1570,8692,4
3,1.5,1610,13500,1,3,7,1060,550,1970,0,98155,1540,11479,4
4,2,1850,11700,1,4,8,1850,0,1969,0,98059,2110,11700,4
2,2,1300,3850,1,3,7,800,500,1963,0,98136,950,5500,4
3,1.75,1550,12956,1,3,7,1210,340,1988,0,98045,1630,15360,4
4,2.5,2960,6219,2,3,9,2960,0,2006,0,98038,2960,5361,4
4,2.5,2160,9528,2,3,9,2160,0,1992,0,98001,2280,9937,4
2,1,2020,6720,1,3,7,1010,1010,1948,0,98118,1720,6720,4
3,2.25,1580,47916,1,3,7,1580,0,1979,0,98024,1980,75358,4
3,2.5,1680,4308,2,3,7,1680,0,2004,0,98056,2160,4182,4
3,1.5,1720,7119,1.5,4,7,1720,0,1952,0,98155,1590,7616,4
3,1.75,1400,6000,1,4,7,700,700,1919,0,98108,1030,6000,4
3,2.5,1600,26977,2,3,8,1600,0,2005,0,98019,1790,27743,4
4,3.25,3380,7500,2,3,7,2420,960,1990,0,98198,1920,7500,4
3,1.75,1920,11340,1,4,7,1230,690,1977,0,98023,1980,9638,4
3,1.75,2300,12000,1,3,8,1770,530,1942,0,98133,2030,6000,4
4,2.75,2300,18360,1,4,7,1560,740,1979,0,98058,1870,9588,4
2,1,700,3000,1,4,6,700,0,1918,0,98103,1560,4500,4
3,2.5,1560,4100,2,3,7,1560,0,1985,0,98055,1660,4400,4
3,1,2150,7007,1,3,6,2150,0,1954,0,98177,1720,9000,4
3,1.75,1260,9600,1,4,7,1260,0,1988,0,98042,1640,9946,4
3,1,1190,7560,1,5,6,1190,0,1958,0,98058,1190,7560,4
4,2.75,2130,8560,1,3,7,1560,570,1992,0,98022,2130,8560,4
6,1.75,2240,11180,2,4,7,2240,0,1955,0,98198,1590,7955,4
4,1.5,1800,8786,1,3,7,1330,470,1966,0,98146,1780,8664,4
4,1.75,1490,10000,1,4,8,1100,390,1969,0,98023,2190,8910,4
2,1,620,4760,1,3,6,620,0,1941,0,98126,620,4760,4
3,1.75,1050,5850,1,3,7,1050,0,1980,0,98166,1220,8880,4
4,2.5,2600,11951,2,3,10,2600,0,1988,0,98023,2820,12093,4
3,2,1510,6710,1,3,7,1070,440,1972,0,98034,1660,6600,4
4,3,2570,262018,1,3,7,1420,1150,1988,0,98058,2260,19811,4
4,1.75,2360,7620,1,4,7,1180,1180,1955,0,98106,1910,7620,4
2,1,930,5400,1,3,7,930,0,1952,0,98117,1050,5400,4
3,1.75,2000,9416,1,4,6,2000,0,1961,0,98033,1440,9555,4
5,1.5,2550,6300,1,4,7,1560,990,1959,0,98056,1380,6300,4
3,1.75,1150,17585,1,3,7,1150,0,1964,0,98014,1200,7500,4
3,2.25,1610,6655,2,4,7,1610,0,1985,0,98058,1780,7529,4
1,1,700,5100,1,3,7,700,0,1942,0,98115,1010,5100,4
4,2.5,2280,4096,2,3,7,2280,0,2003,0,98056,2280,3600,4
3,2,1930,11947,1,4,8,1930,0,1966,0,98042,2200,12825,4
4,3,2090,7500,1,3,7,1370,720,1986,0,98056,1810,7650,4
